timestamp,zone_id,gate_id,kpi_name,value
2026-06-23T00:00:00+00:00,ZONE-AUD,GATE-01,occupancy_pct,15.0
2026-06-23T00:00:00+00:00,ZONE-AUD,GATE-01,people_count,299.0
2026-06-23T00:00:00+00:00,ZONE-AUD,GATE-01,density_index,0.89
2026-06-23T00:00:00+00:00,ZONE-AUD,GATE-01,utilization_m2_pct,13.7
2026-06-23T00:00:00+00:00,ZONE-AUD,GATE-01,comfort_index,84.1
2026-06-23T00:15:00+00:00,ZONE-AUD,GATE-01,occupancy_pct,10.4
2026-06-23T00:15:00+00:00,ZONE-AUD,GATE-01,people_count,207.0
2026-06-23T00:15:00+00:00,ZONE-AUD,GATE-01,density_index,0.47
2026-06-23T00:15:00+00:00,ZONE-AUD,GATE-01,utilization_m2_pct,8.8
2026-06-23T00:15:00+00:00,ZONE-AUD,GATE-01,comfort_index,92.5
2026-06-23T00:30:00+00:00,ZONE-AUD,GATE-01,occupancy_pct,14.0
2026-06-23T00:30:00+00:00,ZONE-AUD,GATE-01,people_count,280.0
2026-06-23T00:30:00+00:00,ZONE-AUD,GATE-01,density_index,1.01
2026-06-23T00:30:00+00:00,ZONE-AUD,GATE-01,utilization_m2_pct,13.7
2026-06-23T00:30:00+00:00,ZONE-AUD,GATE-01,comfort_index,81.7
2026-06-23T00:45:00+00:00,ZONE-AUD,GATE-01,occupancy_pct,16.5
2026-06-23T00:45:00+00:00,ZONE-AUD,GATE-01,people_count,330.0
2026-06-23T00:45:00+00:00,ZONE-AUD,GATE-01,density_index,0.99
2026-06-23T00:45:00+00:00,ZONE-AUD,GATE-01,utilization_m2_pct,16.1
2026-06-23T00:45:00+00:00,ZONE-AUD,GATE-01,comfort_index,85.9
2026-06-23T01:00:00+00:00,ZONE-AUD,GATE-01,occupancy_pct,21.0
2026-06-23T01:00:00+00:00,ZONE-AUD,GATE-01,people_count,421.0
2026-06-23T01:00:00+00:00,ZONE-AUD,GATE-01,density_index,1.23
2026-06-23T01:00:00+00:00,ZONE-AUD,GATE-01,utilization_m2_pct,18.2
2026-06-23T01:00:00+00:00,ZONE-AUD,GATE-01,comfort_index,77.7
2026-06-23T01:15:00+00:00,ZONE-AUD,GATE-01,occupancy_pct,19.9
2026-06-23T01:15:00+00:00,ZONE-AUD,GATE-01,people_count,398.0
2026-06-23T01:15:00+00:00,ZONE-AUD,GATE-01,density_index,1.37
2026-06-23T01:15:00+00:00,ZONE-AUD,GATE-01,utilization_m2_pct,18.4
2026-06-23T01:15:00+00:00,ZONE-AUD,GATE-01,comfort_index,77.2
2026-06-23T01:30:00+00:00,ZONE-AUD,GATE-01,occupancy_pct,17.7
2026-06-23T01:30:00+00:00,ZONE-AUD,GATE-01,people_count,354.0
2026-06-23T01:30:00+00:00,ZONE-AUD,GATE-01,density_index,1.09
2026-06-23T01:30:00+00:00,ZONE-AUD,GATE-01,utilization_m2_pct,15.2
2026-06-23T01:30:00+00:00,ZONE-AUD,GATE-01,comfort_index,90.5
2026-06-23T01:45:00+00:00,ZONE-AUD,GATE-01,occupancy_pct,25.7
2026-06-23T01:45:00+00:00,ZONE-AUD,GATE-01,people_count,513.0
2026-06-23T01:45:00+00:00,ZONE-AUD,GATE-01,density_index,1.8
2026-06-23T01:45:00+00:00,ZONE-AUD,GATE-01,utilization_m2_pct,25.2
2026-06-23T01:45:00+00:00,ZONE-AUD,GATE-01,comfort_index,73.5
2026-06-23T02:00:00+00:00,ZONE-AUD,GATE-01,occupancy_pct,21.1
2026-06-23T02:00:00+00:00,ZONE-AUD,GATE-01,people_count,422.0
2026-06-23T02:00:00+00:00,ZONE-AUD,GATE-01,density_index,1.4
2026-06-23T02:00:00+00:00,ZONE-AUD,GATE-01,utilization_m2_pct,20.7
2026-06-23T02:00:00+00:00,ZONE-AUD,GATE-01,comfort_index,74.3
2026-06-23T02:15:00+00:00,ZONE-AUD,GATE-01,occupancy_pct,19.1
2026-06-23T02:15:00+00:00,ZONE-AUD,GATE-01,people_count,383.0
2026-06-23T02:15:00+00:00,ZONE-AUD,GATE-01,density_index,1.24
2026-06-23T02:15:00+00:00,ZONE-AUD,GATE-01,utilization_m2_pct,18.1
2026-06-23T02:15:00+00:00,ZONE-AUD,GATE-01,comfort_index,81.1
2026-06-23T02:30:00+00:00,ZONE-AUD,GATE-01,occupancy_pct,26.7
2026-06-23T02:30:00+00:00,ZONE-AUD,GATE-01,people_count,533.0
2026-06-23T02:30:00+00:00,ZONE-AUD,GATE-01,density_index,1.36
2026-06-23T02:30:00+00:00,ZONE-AUD,GATE-01,utilization_m2_pct,24.0
2026-06-23T02:30:00+00:00,ZONE-AUD,GATE-01,comfort_index,72.6
2026-06-23T02:45:00+00:00,ZONE-AUD,GATE-01,occupancy_pct,24.4
2026-06-23T02:45:00+00:00,ZONE-AUD,GATE-01,people_count,489.0
2026-06-23T02:45:00+00:00,ZONE-AUD,GATE-01,density_index,1.82
2026-06-23T02:45:00+00:00,ZONE-AUD,GATE-01,utilization_m2_pct,23.6
2026-06-23T02:45:00+00:00,ZONE-AUD,GATE-01,comfort_index,81.3
2026-06-23T03:00:00+00:00,ZONE-AUD,GATE-01,occupancy_pct,31.5
2026-06-23T03:00:00+00:00,ZONE-AUD,GATE-01,people_count,629.0
2026-06-23T03:00:00+00:00,ZONE-AUD,GATE-01,density_index,2.18
2026-06-23T03:00:00+00:00,ZONE-AUD,GATE-01,utilization_m2_pct,28.5
2026-06-23T03:00:00+00:00,ZONE-AUD,GATE-01,comfort_index,71.8
2026-06-23T03:15:00+00:00,ZONE-AUD,GATE-01,occupancy_pct,32.2
2026-06-23T03:15:00+00:00,ZONE-AUD,GATE-01,people_count,644.0
2026-06-23T03:15:00+00:00,ZONE-AUD,GATE-01,density_index,2.4
2026-06-23T03:15:00+00:00,ZONE-AUD,GATE-01,utilization_m2_pct,27.9
2026-06-23T03:15:00+00:00,ZONE-AUD,GATE-01,comfort_index,68.0
2026-06-23T03:30:00+00:00,ZONE-AUD,GATE-01,occupancy_pct,21.0
2026-06-23T03:30:00+00:00,ZONE-AUD,GATE-01,people_count,421.0
2026-06-23T03:30:00+00:00,ZONE-AUD,GATE-01,density_index,1.41
2026-06-23T03:30:00+00:00,ZONE-AUD,GATE-01,utilization_m2_pct,20.9
2026-06-23T03:30:00+00:00,ZONE-AUD,GATE-01,comfort_index,80.1
2026-06-23T03:45:00+00:00,ZONE-AUD,GATE-01,occupancy_pct,27.6
2026-06-23T03:45:00+00:00,ZONE-AUD,GATE-01,people_count,553.0
2026-06-23T03:45:00+00:00,ZONE-AUD,GATE-01,density_index,2.11
2026-06-23T03:45:00+00:00,ZONE-AUD,GATE-01,utilization_m2_pct,23.8
2026-06-23T03:45:00+00:00,ZONE-AUD,GATE-01,comfort_index,72.0
2026-06-23T04:00:00+00:00,ZONE-AUD,GATE-01,occupancy_pct,30.7
2026-06-23T04:00:00+00:00,ZONE-AUD,GATE-01,people_count,614.0
2026-06-23T04:00:00+00:00,ZONE-AUD,GATE-01,density_index,2.11
2026-06-23T04:00:00+00:00,ZONE-AUD,GATE-01,utilization_m2_pct,29.2
2026-06-23T04:00:00+00:00,ZONE-AUD,GATE-01,comfort_index,74.1
2026-06-23T04:15:00+00:00,ZONE-AUD,GATE-01,occupancy_pct,36.3
2026-06-23T04:15:00+00:00,ZONE-AUD,GATE-01,people_count,725.0
2026-06-23T04:15:00+00:00,ZONE-AUD,GATE-01,density_index,2.61
2026-06-23T04:15:00+00:00,ZONE-AUD,GATE-01,utilization_m2_pct,33.2
2026-06-23T04:15:00+00:00,ZONE-AUD,GATE-01,comfort_index,67.6
2026-06-23T04:30:00+00:00,ZONE-AUD,GATE-01,occupancy_pct,31.3
2026-06-23T04:30:00+00:00,ZONE-AUD,GATE-01,people_count,625.0
2026-06-23T04:30:00+00:00,ZONE-AUD,GATE-01,density_index,2.09
2026-06-23T04:30:00+00:00,ZONE-AUD,GATE-01,utilization_m2_pct,30.8
2026-06-23T04:30:00+00:00,ZONE-AUD,GATE-01,comfort_index,72.3
2026-06-23T04:45:00+00:00,ZONE-AUD,GATE-01,occupancy_pct,31.4
2026-06-23T04:45:00+00:00,ZONE-AUD,GATE-01,people_count,627.0
2026-06-23T04:45:00+00:00,ZONE-AUD,GATE-01,density_index,2.03
2026-06-23T04:45:00+00:00,ZONE-AUD,GATE-01,utilization_m2_pct,30.9
2026-06-23T04:45:00+00:00,ZONE-AUD,GATE-01,comfort_index,62.0
2026-06-23T05:00:00+00:00,ZONE-AUD,GATE-01,occupancy_pct,35.1
2026-06-23T05:00:00+00:00,ZONE-AUD,GATE-01,people_count,701.0
2026-06-23T05:00:00+00:00,ZONE-AUD,GATE-01,density_index,2.22
2026-06-23T05:00:00+00:00,ZONE-AUD,GATE-01,utilization_m2_pct,33.6
2026-06-23T05:00:00+00:00,ZONE-AUD,GATE-01,comfort_index,60.8
2026-06-23T05:15:00+00:00,ZONE-AUD,GATE-01,occupancy_pct,33.1
2026-06-23T05:15:00+00:00,ZONE-AUD,GATE-01,people_count,662.0
2026-06-23T05:15:00+00:00,ZONE-AUD,GATE-01,density_index,2.09
2026-06-23T05:15:00+00:00,ZONE-AUD,GATE-01,utilization_m2_pct,32.4
2026-06-23T05:15:00+00:00,ZONE-AUD,GATE-01,comfort_index,64.1
2026-06-23T05:30:00+00:00,ZONE-AUD,GATE-01,occupancy_pct,28.8
2026-06-23T05:30:00+00:00,ZONE-AUD,GATE-01,people_count,577.0
2026-06-23T05:30:00+00:00,ZONE-AUD,GATE-01,density_index,2.13
2026-06-23T05:30:00+00:00,ZONE-AUD,GATE-01,utilization_m2_pct,24.9
2026-06-23T05:30:00+00:00,ZONE-AUD,GATE-01,comfort_index,74.0
2026-06-23T05:45:00+00:00,ZONE-AUD,GATE-01,occupancy_pct,43.2
2026-06-23T05:45:00+00:00,ZONE-AUD,GATE-01,people_count,864.0
2026-06-23T05:45:00+00:00,ZONE-AUD,GATE-01,density_index,2.63
2026-06-23T05:45:00+00:00,ZONE-AUD,GATE-01,utilization_m2_pct,40.5
2026-06-23T05:45:00+00:00,ZONE-AUD,GATE-01,comfort_index,63.5
2026-06-23T06:00:00+00:00,ZONE-AUD,GATE-01,occupancy_pct,34.4
2026-06-23T06:00:00+00:00,ZONE-AUD,GATE-01,people_count,688.0
2026-06-23T06:00:00+00:00,ZONE-AUD,GATE-01,density_index,2.56
2026-06-23T06:00:00+00:00,ZONE-AUD,GATE-01,utilization_m2_pct,33.9
2026-06-23T06:00:00+00:00,ZONE-AUD,GATE-01,comfort_index,65.3
2026-06-23T06:15:00+00:00,ZONE-AUD,GATE-01,occupancy_pct,38.5
2026-06-23T06:15:00+00:00,ZONE-AUD,GATE-01,people_count,771.0
2026-06-23T06:15:00+00:00,ZONE-AUD,GATE-01,density_index,2.62
2026-06-23T06:15:00+00:00,ZONE-AUD,GATE-01,utilization_m2_pct,37.5
2026-06-23T06:15:00+00:00,ZONE-AUD,GATE-01,comfort_index,65.5
2026-06-23T06:30:00+00:00,ZONE-AUD,GATE-01,occupancy_pct,33.0
2026-06-23T06:30:00+00:00,ZONE-AUD,GATE-01,people_count,659.0
2026-06-23T06:30:00+00:00,ZONE-AUD,GATE-01,density_index,1.7
2026-06-23T06:30:00+00:00,ZONE-AUD,GATE-01,utilization_m2_pct,31.3
2026-06-23T06:30:00+00:00,ZONE-AUD,GATE-01,comfort_index,73.8
2026-06-23T06:45:00+00:00,ZONE-AUD,GATE-01,occupancy_pct,35.5
2026-06-23T06:45:00+00:00,ZONE-AUD,GATE-01,people_count,710.0
2026-06-23T06:45:00+00:00,ZONE-AUD,GATE-01,density_index,2.42
2026-06-23T06:45:00+00:00,ZONE-AUD,GATE-01,utilization_m2_pct,32.2
2026-06-23T06:45:00+00:00,ZONE-AUD,GATE-01,comfort_index,68.5
2026-06-23T07:00:00+00:00,ZONE-AUD,GATE-01,occupancy_pct,39.5
2026-06-23T07:00:00+00:00,ZONE-AUD,GATE-01,people_count,790.0
2026-06-23T07:00:00+00:00,ZONE-AUD,GATE-01,density_index,2.63
2026-06-23T07:00:00+00:00,ZONE-AUD,GATE-01,utilization_m2_pct,36.3
2026-06-23T07:00:00+00:00,ZONE-AUD,GATE-01,comfort_index,63.8
2026-06-23T07:15:00+00:00,ZONE-AUD,GATE-01,occupancy_pct,37.4
2026-06-23T07:15:00+00:00,ZONE-AUD,GATE-01,people_count,748.0
2026-06-23T07:15:00+00:00,ZONE-AUD,GATE-01,density_index,2.23
2026-06-23T07:15:00+00:00,ZONE-AUD,GATE-01,utilization_m2_pct,34.7
2026-06-23T07:15:00+00:00,ZONE-AUD,GATE-01,comfort_index,65.2
2026-06-23T07:30:00+00:00,ZONE-AUD,GATE-01,occupancy_pct,44.3
2026-06-23T07:30:00+00:00,ZONE-AUD,GATE-01,people_count,885.0
2026-06-23T07:30:00+00:00,ZONE-AUD,GATE-01,density_index,2.75
2026-06-23T07:30:00+00:00,ZONE-AUD,GATE-01,utilization_m2_pct,43.9
2026-06-23T07:30:00+00:00,ZONE-AUD,GATE-01,comfort_index,57.6
2026-06-23T07:45:00+00:00,ZONE-AUD,GATE-01,occupancy_pct,36.3
2026-06-23T07:45:00+00:00,ZONE-AUD,GATE-01,people_count,726.0
2026-06-23T07:45:00+00:00,ZONE-AUD,GATE-01,density_index,2.65
2026-06-23T07:45:00+00:00,ZONE-AUD,GATE-01,utilization_m2_pct,31.7
2026-06-23T07:45:00+00:00,ZONE-AUD,GATE-01,comfort_index,68.7
2026-06-23T08:00:00+00:00,ZONE-AUD,GATE-01,occupancy_pct,44.3
2026-06-23T08:00:00+00:00,ZONE-AUD,GATE-01,people_count,886.0
2026-06-23T08:00:00+00:00,ZONE-AUD,GATE-01,density_index,2.96
2026-06-23T08:00:00+00:00,ZONE-AUD,GATE-01,utilization_m2_pct,38.5
2026-06-23T08:00:00+00:00,ZONE-AUD,GATE-01,comfort_index,57.2
2026-06-23T08:15:00+00:00,ZONE-AUD,GATE-01,occupancy_pct,36.5
2026-06-23T08:15:00+00:00,ZONE-AUD,GATE-01,people_count,730.0
2026-06-23T08:15:00+00:00,ZONE-AUD,GATE-01,density_index,2.4
2026-06-23T08:15:00+00:00,ZONE-AUD,GATE-01,utilization_m2_pct,33.1
2026-06-23T08:15:00+00:00,ZONE-AUD,GATE-01,comfort_index,66.3
2026-06-23T08:30:00+00:00,ZONE-AUD,GATE-01,occupancy_pct,37.1
2026-06-23T08:30:00+00:00,ZONE-AUD,GATE-01,people_count,742.0
2026-06-23T08:30:00+00:00,ZONE-AUD,GATE-01,density_index,2.61
2026-06-23T08:30:00+00:00,ZONE-AUD,GATE-01,utilization_m2_pct,32.3
2026-06-23T08:30:00+00:00,ZONE-AUD,GATE-01,comfort_index,60.6
2026-06-23T08:45:00+00:00,ZONE-AUD,GATE-01,occupancy_pct,36.0
2026-06-23T08:45:00+00:00,ZONE-AUD,GATE-01,people_count,719.0
2026-06-23T08:45:00+00:00,ZONE-AUD,GATE-01,density_index,2.42
2026-06-23T08:45:00+00:00,ZONE-AUD,GATE-01,utilization_m2_pct,32.0
2026-06-23T08:45:00+00:00,ZONE-AUD,GATE-01,comfort_index,67.2
2026-06-23T09:00:00+00:00,ZONE-AUD,GATE-01,occupancy_pct,37.9
2026-06-23T09:00:00+00:00,ZONE-AUD,GATE-01,people_count,759.0
2026-06-23T09:00:00+00:00,ZONE-AUD,GATE-01,density_index,2.38
2026-06-23T09:00:00+00:00,ZONE-AUD,GATE-01,utilization_m2_pct,35.9
2026-06-23T09:00:00+00:00,ZONE-AUD,GATE-01,comfort_index,69.5
2026-06-23T09:15:00+00:00,ZONE-AUD,GATE-01,occupancy_pct,41.9
2026-06-23T09:15:00+00:00,ZONE-AUD,GATE-01,people_count,837.0
2026-06-23T09:15:00+00:00,ZONE-AUD,GATE-01,density_index,2.88
2026-06-23T09:15:00+00:00,ZONE-AUD,GATE-01,utilization_m2_pct,40.2
2026-06-23T09:15:00+00:00,ZONE-AUD,GATE-01,comfort_index,62.2
2026-06-23T09:30:00+00:00,ZONE-AUD,GATE-01,occupancy_pct,33.5
2026-06-23T09:30:00+00:00,ZONE-AUD,GATE-01,people_count,670.0
2026-06-23T09:30:00+00:00,ZONE-AUD,GATE-01,density_index,2.28
2026-06-23T09:30:00+00:00,ZONE-AUD,GATE-01,utilization_m2_pct,29.9
2026-06-23T09:30:00+00:00,ZONE-AUD,GATE-01,comfort_index,67.3
2026-06-23T09:45:00+00:00,ZONE-AUD,GATE-01,occupancy_pct,36.3
2026-06-23T09:45:00+00:00,ZONE-AUD,GATE-01,people_count,726.0
2026-06-23T09:45:00+00:00,ZONE-AUD,GATE-01,density_index,2.2
2026-06-23T09:45:00+00:00,ZONE-AUD,GATE-01,utilization_m2_pct,35.8
2026-06-23T09:45:00+00:00,ZONE-AUD,GATE-01,comfort_index,67.6
2026-06-23T10:00:00+00:00,ZONE-AUD,GATE-01,occupancy_pct,39.3
2026-06-23T10:00:00+00:00,ZONE-AUD,GATE-01,people_count,786.0
2026-06-23T10:00:00+00:00,ZONE-AUD,GATE-01,density_index,2.37
2026-06-23T10:00:00+00:00,ZONE-AUD,GATE-01,utilization_m2_pct,38.4
2026-06-23T10:00:00+00:00,ZONE-AUD,GATE-01,comfort_index,60.9
2026-06-23T10:15:00+00:00,ZONE-AUD,GATE-01,occupancy_pct,35.1
2026-06-23T10:15:00+00:00,ZONE-AUD,GATE-01,people_count,702.0
2026-06-23T10:15:00+00:00,ZONE-AUD,GATE-01,density_index,2.08
2026-06-23T10:15:00+00:00,ZONE-AUD,GATE-01,utilization_m2_pct,31.0
2026-06-23T10:15:00+00:00,ZONE-AUD,GATE-01,comfort_index,68.1
2026-06-23T10:30:00+00:00,ZONE-AUD,GATE-01,occupancy_pct,44.3
2026-06-23T10:30:00+00:00,ZONE-AUD,GATE-01,people_count,887.0
2026-06-23T10:30:00+00:00,ZONE-AUD,GATE-01,density_index,2.84
2026-06-23T10:30:00+00:00,ZONE-AUD,GATE-01,utilization_m2_pct,43.1
2026-06-23T10:30:00+00:00,ZONE-AUD,GATE-01,comfort_index,58.7
2026-06-23T10:45:00+00:00,ZONE-AUD,GATE-01,occupancy_pct,38.5
2026-06-23T10:45:00+00:00,ZONE-AUD,GATE-01,people_count,770.0
2026-06-23T10:45:00+00:00,ZONE-AUD,GATE-01,density_index,2.89
2026-06-23T10:45:00+00:00,ZONE-AUD,GATE-01,utilization_m2_pct,36.8
2026-06-23T10:45:00+00:00,ZONE-AUD,GATE-01,comfort_index,66.3
2026-06-23T11:00:00+00:00,ZONE-AUD,GATE-01,occupancy_pct,45.9
2026-06-23T11:00:00+00:00,ZONE-AUD,GATE-01,people_count,919.0
2026-06-23T11:00:00+00:00,ZONE-AUD,GATE-01,density_index,2.82
2026-06-23T11:00:00+00:00,ZONE-AUD,GATE-01,utilization_m2_pct,40.6
2026-06-23T11:00:00+00:00,ZONE-AUD,GATE-01,comfort_index,62.4
2026-06-23T11:15:00+00:00,ZONE-AUD,GATE-01,occupancy_pct,38.3
2026-06-23T11:15:00+00:00,ZONE-AUD,GATE-01,people_count,765.0
2026-06-23T11:15:00+00:00,ZONE-AUD,GATE-01,density_index,2.52
2026-06-23T11:15:00+00:00,ZONE-AUD,GATE-01,utilization_m2_pct,34.0
2026-06-23T11:15:00+00:00,ZONE-AUD,GATE-01,comfort_index,60.8
2026-06-23T11:30:00+00:00,ZONE-AUD,GATE-01,occupancy_pct,34.1
2026-06-23T11:30:00+00:00,ZONE-AUD,GATE-01,people_count,683.0
2026-06-23T11:30:00+00:00,ZONE-AUD,GATE-01,density_index,2.3
2026-06-23T11:30:00+00:00,ZONE-AUD,GATE-01,utilization_m2_pct,30.5
2026-06-23T11:30:00+00:00,ZONE-AUD,GATE-01,comfort_index,66.3
2026-06-23T11:45:00+00:00,ZONE-AUD,GATE-01,occupancy_pct,42.0
2026-06-23T11:45:00+00:00,ZONE-AUD,GATE-01,people_count,840.0
2026-06-23T11:45:00+00:00,ZONE-AUD,GATE-01,density_index,2.79
2026-06-23T11:45:00+00:00,ZONE-AUD,GATE-01,utilization_m2_pct,40.7
2026-06-23T11:45:00+00:00,ZONE-AUD,GATE-01,comfort_index,62.5
2026-06-23T12:00:00+00:00,ZONE-AUD,GATE-01,occupancy_pct,35.7
2026-06-23T12:00:00+00:00,ZONE-AUD,GATE-01,people_count,714.0
2026-06-23T12:00:00+00:00,ZONE-AUD,GATE-01,density_index,2.53
2026-06-23T12:00:00+00:00,ZONE-AUD,GATE-01,utilization_m2_pct,34.5
2026-06-23T12:00:00+00:00,ZONE-AUD,GATE-01,comfort_index,64.9
2026-06-23T12:15:00+00:00,ZONE-AUD,GATE-01,occupancy_pct,33.7
2026-06-23T12:15:00+00:00,ZONE-AUD,GATE-01,people_count,673.0
2026-06-23T12:15:00+00:00,ZONE-AUD,GATE-01,density_index,2.11
2026-06-23T12:15:00+00:00,ZONE-AUD,GATE-01,utilization_m2_pct,29.8
2026-06-23T12:15:00+00:00,ZONE-AUD,GATE-01,comfort_index,74.2
2026-06-23T12:30:00+00:00,ZONE-AUD,GATE-01,occupancy_pct,33.7
2026-06-23T12:30:00+00:00,ZONE-AUD,GATE-01,people_count,673.0
2026-06-23T12:30:00+00:00,ZONE-AUD,GATE-01,density_index,2.29
2026-06-23T12:30:00+00:00,ZONE-AUD,GATE-01,utilization_m2_pct,33.6
2026-06-23T12:30:00+00:00,ZONE-AUD,GATE-01,comfort_index,68.6
2026-06-23T12:45:00+00:00,ZONE-AUD,GATE-01,occupancy_pct,42.4
2026-06-23T12:45:00+00:00,ZONE-AUD,GATE-01,people_count,849.0
2026-06-23T12:45:00+00:00,ZONE-AUD,GATE-01,density_index,2.77
2026-06-23T12:45:00+00:00,ZONE-AUD,GATE-01,utilization_m2_pct,37.2
2026-06-23T12:45:00+00:00,ZONE-AUD,GATE-01,comfort_index,60.6
2026-06-23T13:00:00+00:00,ZONE-AUD,GATE-01,occupancy_pct,42.0
2026-06-23T13:00:00+00:00,ZONE-AUD,GATE-01,people_count,840.0
2026-06-23T13:00:00+00:00,ZONE-AUD,GATE-01,density_index,2.57
2026-06-23T13:00:00+00:00,ZONE-AUD,GATE-01,utilization_m2_pct,37.0
2026-06-23T13:00:00+00:00,ZONE-AUD,GATE-01,comfort_index,65.0
2026-06-23T13:15:00+00:00,ZONE-AUD,GATE-01,occupancy_pct,44.7
2026-06-23T13:15:00+00:00,ZONE-AUD,GATE-01,people_count,895.0
2026-06-23T13:15:00+00:00,ZONE-AUD,GATE-01,density_index,2.71
2026-06-23T13:15:00+00:00,ZONE-AUD,GATE-01,utilization_m2_pct,44.1
2026-06-23T13:15:00+00:00,ZONE-AUD,GATE-01,comfort_index,57.1
2026-06-23T13:30:00+00:00,ZONE-AUD,GATE-01,occupancy_pct,35.4
2026-06-23T13:30:00+00:00,ZONE-AUD,GATE-01,people_count,709.0
2026-06-23T13:30:00+00:00,ZONE-AUD,GATE-01,density_index,2.6
2026-06-23T13:30:00+00:00,ZONE-AUD,GATE-01,utilization_m2_pct,35.0
2026-06-23T13:30:00+00:00,ZONE-AUD,GATE-01,comfort_index,66.6
2026-06-23T13:45:00+00:00,ZONE-AUD,GATE-01,occupancy_pct,38.1
2026-06-23T13:45:00+00:00,ZONE-AUD,GATE-01,people_count,762.0
2026-06-23T13:45:00+00:00,ZONE-AUD,GATE-01,density_index,2.82
2026-06-23T13:45:00+00:00,ZONE-AUD,GATE-01,utilization_m2_pct,35.3
2026-06-23T13:45:00+00:00,ZONE-AUD,GATE-01,comfort_index,59.1
2026-06-23T14:00:00+00:00,ZONE-AUD,GATE-01,occupancy_pct,39.8
2026-06-23T14:00:00+00:00,ZONE-AUD,GATE-01,people_count,796.0
2026-06-23T14:00:00+00:00,ZONE-AUD,GATE-01,density_index,2.93
2026-06-23T14:00:00+00:00,ZONE-AUD,GATE-01,utilization_m2_pct,35.7
2026-06-23T14:00:00+00:00,ZONE-AUD,GATE-01,comfort_index,61.6
2026-06-23T14:15:00+00:00,ZONE-AUD,GATE-01,occupancy_pct,31.1
2026-06-23T14:15:00+00:00,ZONE-AUD,GATE-01,people_count,622.0
2026-06-23T14:15:00+00:00,ZONE-AUD,GATE-01,density_index,2.25
2026-06-23T14:15:00+00:00,ZONE-AUD,GATE-01,utilization_m2_pct,28.3
2026-06-23T14:15:00+00:00,ZONE-AUD,GATE-01,comfort_index,73.9
2026-06-23T14:30:00+00:00,ZONE-AUD,GATE-01,occupancy_pct,30.5
2026-06-23T14:30:00+00:00,ZONE-AUD,GATE-01,people_count,611.0
2026-06-23T14:30:00+00:00,ZONE-AUD,GATE-01,density_index,2.19
2026-06-23T14:30:00+00:00,ZONE-AUD,GATE-01,utilization_m2_pct,28.1
2026-06-23T14:30:00+00:00,ZONE-AUD,GATE-01,comfort_index,66.5
2026-06-23T14:45:00+00:00,ZONE-AUD,GATE-01,occupancy_pct,34.0
2026-06-23T14:45:00+00:00,ZONE-AUD,GATE-01,people_count,681.0
2026-06-23T14:45:00+00:00,ZONE-AUD,GATE-01,density_index,2.5
2026-06-23T14:45:00+00:00,ZONE-AUD,GATE-01,utilization_m2_pct,31.4
2026-06-23T14:45:00+00:00,ZONE-AUD,GATE-01,comfort_index,69.8
2026-06-23T15:00:00+00:00,ZONE-AUD,GATE-01,occupancy_pct,33.7
2026-06-23T15:00:00+00:00,ZONE-AUD,GATE-01,people_count,674.0
2026-06-23T15:00:00+00:00,ZONE-AUD,GATE-01,density_index,2.1
2026-06-23T15:00:00+00:00,ZONE-AUD,GATE-01,utilization_m2_pct,32.0
2026-06-23T15:00:00+00:00,ZONE-AUD,GATE-01,comfort_index,70.6
2026-06-23T15:15:00+00:00,ZONE-AUD,GATE-01,occupancy_pct,37.6
2026-06-23T15:15:00+00:00,ZONE-AUD,GATE-01,people_count,753.0
2026-06-23T15:15:00+00:00,ZONE-AUD,GATE-01,density_index,2.4
2026-06-23T15:15:00+00:00,ZONE-AUD,GATE-01,utilization_m2_pct,34.7
2026-06-23T15:15:00+00:00,ZONE-AUD,GATE-01,comfort_index,62.0
2026-06-23T15:30:00+00:00,ZONE-AUD,GATE-01,occupancy_pct,34.6
2026-06-23T15:30:00+00:00,ZONE-AUD,GATE-01,people_count,691.0
2026-06-23T15:30:00+00:00,ZONE-AUD,GATE-01,density_index,2.25
2026-06-23T15:30:00+00:00,ZONE-AUD,GATE-01,utilization_m2_pct,29.8
2026-06-23T15:30:00+00:00,ZONE-AUD,GATE-01,comfort_index,67.6
2026-06-23T15:45:00+00:00,ZONE-AUD,GATE-01,occupancy_pct,31.3
2026-06-23T15:45:00+00:00,ZONE-AUD,GATE-01,people_count,626.0
2026-06-23T15:45:00+00:00,ZONE-AUD,GATE-01,density_index,2.38
2026-06-23T15:45:00+00:00,ZONE-AUD,GATE-01,utilization_m2_pct,27.5
2026-06-23T15:45:00+00:00,ZONE-AUD,GATE-01,comfort_index,65.7
2026-06-23T16:00:00+00:00,ZONE-AUD,GATE-01,occupancy_pct,27.7
2026-06-23T16:00:00+00:00,ZONE-AUD,GATE-01,people_count,553.0
2026-06-23T16:00:00+00:00,ZONE-AUD,GATE-01,density_index,1.75
2026-06-23T16:00:00+00:00,ZONE-AUD,GATE-01,utilization_m2_pct,27.1
2026-06-23T16:00:00+00:00,ZONE-AUD,GATE-01,comfort_index,73.8
2026-06-23T16:15:00+00:00,ZONE-AUD,GATE-01,occupancy_pct,29.5
2026-06-23T16:15:00+00:00,ZONE-AUD,GATE-01,people_count,590.0
2026-06-23T16:15:00+00:00,ZONE-AUD,GATE-01,density_index,1.91
2026-06-23T16:15:00+00:00,ZONE-AUD,GATE-01,utilization_m2_pct,29.0
2026-06-23T16:15:00+00:00,ZONE-AUD,GATE-01,comfort_index,71.8
2026-06-23T16:30:00+00:00,ZONE-AUD,GATE-01,occupancy_pct,33.0
2026-06-23T16:30:00+00:00,ZONE-AUD,GATE-01,people_count,659.0
2026-06-23T16:30:00+00:00,ZONE-AUD,GATE-01,density_index,2.08
2026-06-23T16:30:00+00:00,ZONE-AUD,GATE-01,utilization_m2_pct,29.2
2026-06-23T16:30:00+00:00,ZONE-AUD,GATE-01,comfort_index,70.0
2026-06-23T16:45:00+00:00,ZONE-AUD,GATE-01,occupancy_pct,26.1
2026-06-23T16:45:00+00:00,ZONE-AUD,GATE-01,people_count,522.0
2026-06-23T16:45:00+00:00,ZONE-AUD,GATE-01,density_index,1.87
2026-06-23T16:45:00+00:00,ZONE-AUD,GATE-01,utilization_m2_pct,22.4
2026-06-23T16:45:00+00:00,ZONE-AUD,GATE-01,comfort_index,76.6
2026-06-23T17:00:00+00:00,ZONE-AUD,GATE-01,occupancy_pct,30.5
2026-06-23T17:00:00+00:00,ZONE-AUD,GATE-01,people_count,611.0
2026-06-23T17:00:00+00:00,ZONE-AUD,GATE-01,density_index,1.82
2026-06-23T17:00:00+00:00,ZONE-AUD,GATE-01,utilization_m2_pct,29.7
2026-06-23T17:00:00+00:00,ZONE-AUD,GATE-01,comfort_index,71.4
2026-06-23T17:15:00+00:00,ZONE-AUD,GATE-01,occupancy_pct,23.2
2026-06-23T17:15:00+00:00,ZONE-AUD,GATE-01,people_count,463.0
2026-06-23T17:15:00+00:00,ZONE-AUD,GATE-01,density_index,1.5
2026-06-23T17:15:00+00:00,ZONE-AUD,GATE-01,utilization_m2_pct,22.4
2026-06-23T17:15:00+00:00,ZONE-AUD,GATE-01,comfort_index,82.7
2026-06-23T17:30:00+00:00,ZONE-AUD,GATE-01,occupancy_pct,22.2
2026-06-23T17:30:00+00:00,ZONE-AUD,GATE-01,people_count,444.0
2026-06-23T17:30:00+00:00,ZONE-AUD,GATE-01,density_index,1.36
2026-06-23T17:30:00+00:00,ZONE-AUD,GATE-01,utilization_m2_pct,21.5
2026-06-23T17:30:00+00:00,ZONE-AUD,GATE-01,comfort_index,76.3
2026-06-23T17:45:00+00:00,ZONE-AUD,GATE-01,occupancy_pct,26.8
2026-06-23T17:45:00+00:00,ZONE-AUD,GATE-01,people_count,537.0
2026-06-23T17:45:00+00:00,ZONE-AUD,GATE-01,density_index,1.96
2026-06-23T17:45:00+00:00,ZONE-AUD,GATE-01,utilization_m2_pct,24.7
2026-06-23T17:45:00+00:00,ZONE-AUD,GATE-01,comfort_index,70.5
2026-06-23T18:00:00+00:00,ZONE-AUD,GATE-01,occupancy_pct,20.7
2026-06-23T18:00:00+00:00,ZONE-AUD,GATE-01,people_count,414.0
2026-06-23T18:00:00+00:00,ZONE-AUD,GATE-01,density_index,1.31
2026-06-23T18:00:00+00:00,ZONE-AUD,GATE-01,utilization_m2_pct,18.9
2026-06-23T18:00:00+00:00,ZONE-AUD,GATE-01,comfort_index,82.8
2026-06-23T18:15:00+00:00,ZONE-AUD,GATE-01,occupancy_pct,18.1
2026-06-23T18:15:00+00:00,ZONE-AUD,GATE-01,people_count,362.0
2026-06-23T18:15:00+00:00,ZONE-AUD,GATE-01,density_index,1.57
2026-06-23T18:15:00+00:00,ZONE-AUD,GATE-01,utilization_m2_pct,15.8
2026-06-23T18:15:00+00:00,ZONE-AUD,GATE-01,comfort_index,81.9
2026-06-23T18:30:00+00:00,ZONE-AUD,GATE-01,occupancy_pct,26.3
2026-06-23T18:30:00+00:00,ZONE-AUD,GATE-01,people_count,527.0
2026-06-23T18:30:00+00:00,ZONE-AUD,GATE-01,density_index,1.81
2026-06-23T18:30:00+00:00,ZONE-AUD,GATE-01,utilization_m2_pct,25.4
2026-06-23T18:30:00+00:00,ZONE-AUD,GATE-01,comfort_index,77.6
2026-06-23T18:45:00+00:00,ZONE-AUD,GATE-01,occupancy_pct,23.1
2026-06-23T18:45:00+00:00,ZONE-AUD,GATE-01,people_count,462.0
2026-06-23T18:45:00+00:00,ZONE-AUD,GATE-01,density_index,1.44
2026-06-23T18:45:00+00:00,ZONE-AUD,GATE-01,utilization_m2_pct,21.8
2026-06-23T18:45:00+00:00,ZONE-AUD,GATE-01,comfort_index,79.3
2026-06-23T19:00:00+00:00,ZONE-AUD,GATE-01,occupancy_pct,19.3
2026-06-23T19:00:00+00:00,ZONE-AUD,GATE-01,people_count,386.0
2026-06-23T19:00:00+00:00,ZONE-AUD,GATE-01,density_index,1.59
2026-06-23T19:00:00+00:00,ZONE-AUD,GATE-01,utilization_m2_pct,17.9
2026-06-23T19:00:00+00:00,ZONE-AUD,GATE-01,comfort_index,78.3
2026-06-23T19:15:00+00:00,ZONE-AUD,GATE-01,occupancy_pct,18.0
2026-06-23T19:15:00+00:00,ZONE-AUD,GATE-01,people_count,360.0
2026-06-23T19:15:00+00:00,ZONE-AUD,GATE-01,density_index,1.2
2026-06-23T19:15:00+00:00,ZONE-AUD,GATE-01,utilization_m2_pct,16.2
2026-06-23T19:15:00+00:00,ZONE-AUD,GATE-01,comfort_index,82.7
2026-06-23T19:30:00+00:00,ZONE-AUD,GATE-01,occupancy_pct,18.9
2026-06-23T19:30:00+00:00,ZONE-AUD,GATE-01,people_count,378.0
2026-06-23T19:30:00+00:00,ZONE-AUD,GATE-01,density_index,1.31
2026-06-23T19:30:00+00:00,ZONE-AUD,GATE-01,utilization_m2_pct,16.1
2026-06-23T19:30:00+00:00,ZONE-AUD,GATE-01,comfort_index,81.0
2026-06-23T19:45:00+00:00,ZONE-AUD,GATE-01,occupancy_pct,16.4
2026-06-23T19:45:00+00:00,ZONE-AUD,GATE-01,people_count,328.0
2026-06-23T19:45:00+00:00,ZONE-AUD,GATE-01,density_index,1.25
2026-06-23T19:45:00+00:00,ZONE-AUD,GATE-01,utilization_m2_pct,15.6
2026-06-23T19:45:00+00:00,ZONE-AUD,GATE-01,comfort_index,86.0
2026-06-23T20:00:00+00:00,ZONE-AUD,GATE-01,occupancy_pct,17.4
2026-06-23T20:00:00+00:00,ZONE-AUD,GATE-01,people_count,348.0
2026-06-23T20:00:00+00:00,ZONE-AUD,GATE-01,density_index,1.44
2026-06-23T20:00:00+00:00,ZONE-AUD,GATE-01,utilization_m2_pct,16.3
2026-06-23T20:00:00+00:00,ZONE-AUD,GATE-01,comfort_index,87.2
2026-06-23T20:15:00+00:00,ZONE-AUD,GATE-01,occupancy_pct,12.4
2026-06-23T20:15:00+00:00,ZONE-AUD,GATE-01,people_count,247.0
2026-06-23T20:15:00+00:00,ZONE-AUD,GATE-01,density_index,1.01
2026-06-23T20:15:00+00:00,ZONE-AUD,GATE-01,utilization_m2_pct,12.1
2026-06-23T20:15:00+00:00,ZONE-AUD,GATE-01,comfort_index,87.4
2026-06-23T20:30:00+00:00,ZONE-AUD,GATE-01,occupancy_pct,14.3
2026-06-23T20:30:00+00:00,ZONE-AUD,GATE-01,people_count,286.0
2026-06-23T20:30:00+00:00,ZONE-AUD,GATE-01,density_index,1.1
2026-06-23T20:30:00+00:00,ZONE-AUD,GATE-01,utilization_m2_pct,13.1
2026-06-23T20:30:00+00:00,ZONE-AUD,GATE-01,comfort_index,90.7
2026-06-23T20:45:00+00:00,ZONE-AUD,GATE-01,occupancy_pct,16.6
2026-06-23T20:45:00+00:00,ZONE-AUD,GATE-01,people_count,332.0
2026-06-23T20:45:00+00:00,ZONE-AUD,GATE-01,density_index,1.34
2026-06-23T20:45:00+00:00,ZONE-AUD,GATE-01,utilization_m2_pct,14.3
2026-06-23T20:45:00+00:00,ZONE-AUD,GATE-01,comfort_index,85.5
2026-06-23T21:00:00+00:00,ZONE-AUD,GATE-01,occupancy_pct,13.0
2026-06-23T21:00:00+00:00,ZONE-AUD,GATE-01,people_count,259.0
2026-06-23T21:00:00+00:00,ZONE-AUD,GATE-01,density_index,0.93
2026-06-23T21:00:00+00:00,ZONE-AUD,GATE-01,utilization_m2_pct,12.8
2026-06-23T21:00:00+00:00,ZONE-AUD,GATE-01,comfort_index,86.7
2026-06-23T21:15:00+00:00,ZONE-AUD,GATE-01,occupancy_pct,19.3
2026-06-23T21:15:00+00:00,ZONE-AUD,GATE-01,people_count,386.0
2026-06-23T21:15:00+00:00,ZONE-AUD,GATE-01,density_index,1.25
2026-06-23T21:15:00+00:00,ZONE-AUD,GATE-01,utilization_m2_pct,18.2
2026-06-23T21:15:00+00:00,ZONE-AUD,GATE-01,comfort_index,83.6
2026-06-23T21:30:00+00:00,ZONE-AUD,GATE-01,occupancy_pct,14.7
2026-06-23T21:30:00+00:00,ZONE-AUD,GATE-01,people_count,293.0
2026-06-23T21:30:00+00:00,ZONE-AUD,GATE-01,density_index,1.13
2026-06-23T21:30:00+00:00,ZONE-AUD,GATE-01,utilization_m2_pct,13.1
2026-06-23T21:30:00+00:00,ZONE-AUD,GATE-01,comfort_index,82.4
2026-06-23T21:45:00+00:00,ZONE-AUD,GATE-01,occupancy_pct,21.4
2026-06-23T21:45:00+00:00,ZONE-AUD,GATE-01,people_count,427.0
2026-06-23T21:45:00+00:00,ZONE-AUD,GATE-01,density_index,1.45
2026-06-23T21:45:00+00:00,ZONE-AUD,GATE-01,utilization_m2_pct,19.2
2026-06-23T21:45:00+00:00,ZONE-AUD,GATE-01,comfort_index,81.5
2026-06-23T22:00:00+00:00,ZONE-AUD,GATE-01,occupancy_pct,12.7
2026-06-23T22:00:00+00:00,ZONE-AUD,GATE-01,people_count,255.0
2026-06-23T22:00:00+00:00,ZONE-AUD,GATE-01,density_index,0.78
2026-06-23T22:00:00+00:00,ZONE-AUD,GATE-01,utilization_m2_pct,11.0
2026-06-23T22:00:00+00:00,ZONE-AUD,GATE-01,comfort_index,83.7
2026-06-23T22:15:00+00:00,ZONE-AUD,GATE-01,occupancy_pct,23.6
2026-06-23T22:15:00+00:00,ZONE-AUD,GATE-01,people_count,473.0
2026-06-23T22:15:00+00:00,ZONE-AUD,GATE-01,density_index,1.75
2026-06-23T22:15:00+00:00,ZONE-AUD,GATE-01,utilization_m2_pct,21.6
2026-06-23T22:15:00+00:00,ZONE-AUD,GATE-01,comfort_index,75.1
2026-06-23T22:30:00+00:00,ZONE-AUD,GATE-01,occupancy_pct,18.5
2026-06-23T22:30:00+00:00,ZONE-AUD,GATE-01,people_count,369.0
2026-06-23T22:30:00+00:00,ZONE-AUD,GATE-01,density_index,1.49
2026-06-23T22:30:00+00:00,ZONE-AUD,GATE-01,utilization_m2_pct,17.7
2026-06-23T22:30:00+00:00,ZONE-AUD,GATE-01,comfort_index,81.2
2026-06-23T22:45:00+00:00,ZONE-AUD,GATE-01,occupancy_pct,21.3
2026-06-23T22:45:00+00:00,ZONE-AUD,GATE-01,people_count,426.0
2026-06-23T22:45:00+00:00,ZONE-AUD,GATE-01,density_index,1.56
2026-06-23T22:45:00+00:00,ZONE-AUD,GATE-01,utilization_m2_pct,19.0
2026-06-23T22:45:00+00:00,ZONE-AUD,GATE-01,comfort_index,81.0
2026-06-23T23:00:00+00:00,ZONE-AUD,GATE-01,occupancy_pct,17.3
2026-06-23T23:00:00+00:00,ZONE-AUD,GATE-01,people_count,346.0
2026-06-23T23:00:00+00:00,ZONE-AUD,GATE-01,density_index,0.89
2026-06-23T23:00:00+00:00,ZONE-AUD,GATE-01,utilization_m2_pct,16.0
2026-06-23T23:00:00+00:00,ZONE-AUD,GATE-01,comfort_index,81.7
2026-06-23T23:15:00+00:00,ZONE-AUD,GATE-01,occupancy_pct,17.6
2026-06-23T23:15:00+00:00,ZONE-AUD,GATE-01,people_count,353.0
2026-06-23T23:15:00+00:00,ZONE-AUD,GATE-01,density_index,1.02
2026-06-23T23:15:00+00:00,ZONE-AUD,GATE-01,utilization_m2_pct,17.2
2026-06-23T23:15:00+00:00,ZONE-AUD,GATE-01,comfort_index,84.6
2026-06-23T23:30:00+00:00,ZONE-AUD,GATE-01,occupancy_pct,16.8
2026-06-23T23:30:00+00:00,ZONE-AUD,GATE-01,people_count,337.0
2026-06-23T23:30:00+00:00,ZONE-AUD,GATE-01,density_index,0.93
2026-06-23T23:30:00+00:00,ZONE-AUD,GATE-01,utilization_m2_pct,15.3
2026-06-23T23:30:00+00:00,ZONE-AUD,GATE-01,comfort_index,85.8
2026-06-23T23:45:00+00:00,ZONE-AUD,GATE-01,occupancy_pct,15.3
2026-06-23T23:45:00+00:00,ZONE-AUD,GATE-01,people_count,307.0
2026-06-23T23:45:00+00:00,ZONE-AUD,GATE-01,density_index,1.03
2026-06-23T23:45:00+00:00,ZONE-AUD,GATE-01,utilization_m2_pct,13.5
2026-06-23T23:45:00+00:00,ZONE-AUD,GATE-01,comfort_index,83.8
2026-06-23T00:00:00+00:00,ZONE-EXPO,GATE-02,occupancy_pct,18.8
2026-06-23T00:00:00+00:00,ZONE-EXPO,GATE-02,people_count,940.0
2026-06-23T00:00:00+00:00,ZONE-EXPO,GATE-02,density_index,0.95
2026-06-23T00:00:00+00:00,ZONE-EXPO,GATE-02,utilization_m2_pct,17.4
2026-06-23T00:00:00+00:00,ZONE-EXPO,GATE-02,comfort_index,77.2
2026-06-23T00:15:00+00:00,ZONE-EXPO,GATE-02,occupancy_pct,21.8
2026-06-23T00:15:00+00:00,ZONE-EXPO,GATE-02,people_count,1092.0
2026-06-23T00:15:00+00:00,ZONE-EXPO,GATE-02,density_index,1.11
2026-06-23T00:15:00+00:00,ZONE-EXPO,GATE-02,utilization_m2_pct,20.6
2026-06-23T00:15:00+00:00,ZONE-EXPO,GATE-02,comfort_index,80.2
2026-06-23T00:30:00+00:00,ZONE-EXPO,GATE-02,occupancy_pct,20.6
2026-06-23T00:30:00+00:00,ZONE-EXPO,GATE-02,people_count,1031.0
2026-06-23T00:30:00+00:00,ZONE-EXPO,GATE-02,density_index,1.12
2026-06-23T00:30:00+00:00,ZONE-EXPO,GATE-02,utilization_m2_pct,19.8
2026-06-23T00:30:00+00:00,ZONE-EXPO,GATE-02,comfort_index,90.8
2026-06-23T00:45:00+00:00,ZONE-EXPO,GATE-02,occupancy_pct,25.7
2026-06-23T00:45:00+00:00,ZONE-EXPO,GATE-02,people_count,1286.0
2026-06-23T00:45:00+00:00,ZONE-EXPO,GATE-02,density_index,1.52
2026-06-23T00:45:00+00:00,ZONE-EXPO,GATE-02,utilization_m2_pct,24.6
2026-06-23T00:45:00+00:00,ZONE-EXPO,GATE-02,comfort_index,76.2
2026-06-23T01:00:00+00:00,ZONE-EXPO,GATE-02,occupancy_pct,34.6
2026-06-23T01:00:00+00:00,ZONE-EXPO,GATE-02,people_count,1732.0
2026-06-23T01:00:00+00:00,ZONE-EXPO,GATE-02,density_index,2.43
2026-06-23T01:00:00+00:00,ZONE-EXPO,GATE-02,utilization_m2_pct,31.8
2026-06-23T01:00:00+00:00,ZONE-EXPO,GATE-02,comfort_index,67.0
2026-06-23T01:15:00+00:00,ZONE-EXPO,GATE-02,occupancy_pct,24.5
2026-06-23T01:15:00+00:00,ZONE-EXPO,GATE-02,people_count,1223.0
2026-06-23T01:15:00+00:00,ZONE-EXPO,GATE-02,density_index,1.37
2026-06-23T01:15:00+00:00,ZONE-EXPO,GATE-02,utilization_m2_pct,23.7
2026-06-23T01:15:00+00:00,ZONE-EXPO,GATE-02,comfort_index,77.9
2026-06-23T01:30:00+00:00,ZONE-EXPO,GATE-02,occupancy_pct,28.5
2026-06-23T01:30:00+00:00,ZONE-EXPO,GATE-02,people_count,1425.0
2026-06-23T01:30:00+00:00,ZONE-EXPO,GATE-02,density_index,1.75
2026-06-23T01:30:00+00:00,ZONE-EXPO,GATE-02,utilization_m2_pct,26.1
2026-06-23T01:30:00+00:00,ZONE-EXPO,GATE-02,comfort_index,73.2
2026-06-23T01:45:00+00:00,ZONE-EXPO,GATE-02,occupancy_pct,30.0
2026-06-23T01:45:00+00:00,ZONE-EXPO,GATE-02,people_count,1498.0
2026-06-23T01:45:00+00:00,ZONE-EXPO,GATE-02,density_index,1.81
2026-06-23T01:45:00+00:00,ZONE-EXPO,GATE-02,utilization_m2_pct,27.9
2026-06-23T01:45:00+00:00,ZONE-EXPO,GATE-02,comfort_index,75.5
2026-06-23T02:00:00+00:00,ZONE-EXPO,GATE-02,occupancy_pct,30.5
2026-06-23T02:00:00+00:00,ZONE-EXPO,GATE-02,people_count,1525.0
2026-06-23T02:00:00+00:00,ZONE-EXPO,GATE-02,density_index,1.64
2026-06-23T02:00:00+00:00,ZONE-EXPO,GATE-02,utilization_m2_pct,29.7
2026-06-23T02:00:00+00:00,ZONE-EXPO,GATE-02,comfort_index,67.7
2026-06-23T02:15:00+00:00,ZONE-EXPO,GATE-02,occupancy_pct,41.8
2026-06-23T02:15:00+00:00,ZONE-EXPO,GATE-02,people_count,2092.0
2026-06-23T02:15:00+00:00,ZONE-EXPO,GATE-02,density_index,2.24
2026-06-23T02:15:00+00:00,ZONE-EXPO,GATE-02,utilization_m2_pct,37.8
2026-06-23T02:15:00+00:00,ZONE-EXPO,GATE-02,comfort_index,66.1
2026-06-23T02:30:00+00:00,ZONE-EXPO,GATE-02,occupancy_pct,41.5
2026-06-23T02:30:00+00:00,ZONE-EXPO,GATE-02,people_count,2076.0
2026-06-23T02:30:00+00:00,ZONE-EXPO,GATE-02,density_index,2.6
2026-06-23T02:30:00+00:00,ZONE-EXPO,GATE-02,utilization_m2_pct,39.0
2026-06-23T02:30:00+00:00,ZONE-EXPO,GATE-02,comfort_index,62.2
2026-06-23T02:45:00+00:00,ZONE-EXPO,GATE-02,occupancy_pct,32.4
2026-06-23T02:45:00+00:00,ZONE-EXPO,GATE-02,people_count,1618.0
2026-06-23T02:45:00+00:00,ZONE-EXPO,GATE-02,density_index,1.69
2026-06-23T02:45:00+00:00,ZONE-EXPO,GATE-02,utilization_m2_pct,28.8
2026-06-23T02:45:00+00:00,ZONE-EXPO,GATE-02,comfort_index,72.4
2026-06-23T03:00:00+00:00,ZONE-EXPO,GATE-02,occupancy_pct,31.4
2026-06-23T03:00:00+00:00,ZONE-EXPO,GATE-02,people_count,1569.0
2026-06-23T03:00:00+00:00,ZONE-EXPO,GATE-02,density_index,1.96
2026-06-23T03:00:00+00:00,ZONE-EXPO,GATE-02,utilization_m2_pct,28.8
2026-06-23T03:00:00+00:00,ZONE-EXPO,GATE-02,comfort_index,68.5
2026-06-23T03:15:00+00:00,ZONE-EXPO,GATE-02,occupancy_pct,25.6
2026-06-23T03:15:00+00:00,ZONE-EXPO,GATE-02,people_count,1279.0
2026-06-23T03:15:00+00:00,ZONE-EXPO,GATE-02,density_index,1.16
2026-06-23T03:15:00+00:00,ZONE-EXPO,GATE-02,utilization_m2_pct,25.4
2026-06-23T03:15:00+00:00,ZONE-EXPO,GATE-02,comfort_index,76.0
2026-06-23T03:30:00+00:00,ZONE-EXPO,GATE-02,occupancy_pct,41.6
2026-06-23T03:30:00+00:00,ZONE-EXPO,GATE-02,people_count,2081.0
2026-06-23T03:30:00+00:00,ZONE-EXPO,GATE-02,density_index,2.35
2026-06-23T03:30:00+00:00,ZONE-EXPO,GATE-02,utilization_m2_pct,40.6
2026-06-23T03:30:00+00:00,ZONE-EXPO,GATE-02,comfort_index,63.1
2026-06-23T03:45:00+00:00,ZONE-EXPO,GATE-02,occupancy_pct,38.3
2026-06-23T03:45:00+00:00,ZONE-EXPO,GATE-02,people_count,1915.0
2026-06-23T03:45:00+00:00,ZONE-EXPO,GATE-02,density_index,2.37
2026-06-23T03:45:00+00:00,ZONE-EXPO,GATE-02,utilization_m2_pct,37.7
2026-06-23T03:45:00+00:00,ZONE-EXPO,GATE-02,comfort_index,59.4
2026-06-23T04:00:00+00:00,ZONE-EXPO,GATE-02,occupancy_pct,36.7
2026-06-23T04:00:00+00:00,ZONE-EXPO,GATE-02,people_count,1836.0
2026-06-23T04:00:00+00:00,ZONE-EXPO,GATE-02,density_index,2.37
2026-06-23T04:00:00+00:00,ZONE-EXPO,GATE-02,utilization_m2_pct,35.8
2026-06-23T04:00:00+00:00,ZONE-EXPO,GATE-02,comfort_index,62.1
2026-06-23T04:15:00+00:00,ZONE-EXPO,GATE-02,occupancy_pct,43.0
2026-06-23T04:15:00+00:00,ZONE-EXPO,GATE-02,people_count,2151.0
2026-06-23T04:15:00+00:00,ZONE-EXPO,GATE-02,density_index,2.13
2026-06-23T04:15:00+00:00,ZONE-EXPO,GATE-02,utilization_m2_pct,39.9
2026-06-23T04:15:00+00:00,ZONE-EXPO,GATE-02,comfort_index,68.1
2026-06-23T04:30:00+00:00,ZONE-EXPO,GATE-02,occupancy_pct,42.3
2026-06-23T04:30:00+00:00,ZONE-EXPO,GATE-02,people_count,2113.0
2026-06-23T04:30:00+00:00,ZONE-EXPO,GATE-02,density_index,2.63
2026-06-23T04:30:00+00:00,ZONE-EXPO,GATE-02,utilization_m2_pct,39.6
2026-06-23T04:30:00+00:00,ZONE-EXPO,GATE-02,comfort_index,59.6
2026-06-23T04:45:00+00:00,ZONE-EXPO,GATE-02,occupancy_pct,45.5
2026-06-23T04:45:00+00:00,ZONE-EXPO,GATE-02,people_count,2274.0
2026-06-23T04:45:00+00:00,ZONE-EXPO,GATE-02,density_index,2.48
2026-06-23T04:45:00+00:00,ZONE-EXPO,GATE-02,utilization_m2_pct,42.0
2026-06-23T04:45:00+00:00,ZONE-EXPO,GATE-02,comfort_index,58.4
2026-06-23T05:00:00+00:00,ZONE-EXPO,GATE-02,occupancy_pct,46.9
2026-06-23T05:00:00+00:00,ZONE-EXPO,GATE-02,people_count,2346.0
2026-06-23T05:00:00+00:00,ZONE-EXPO,GATE-02,density_index,2.77
2026-06-23T05:00:00+00:00,ZONE-EXPO,GATE-02,utilization_m2_pct,40.7
2026-06-23T05:00:00+00:00,ZONE-EXPO,GATE-02,comfort_index,55.4
2026-06-23T05:15:00+00:00,ZONE-EXPO,GATE-02,occupancy_pct,45.2
2026-06-23T05:15:00+00:00,ZONE-EXPO,GATE-02,people_count,2258.0
2026-06-23T05:15:00+00:00,ZONE-EXPO,GATE-02,density_index,2.54
2026-06-23T05:15:00+00:00,ZONE-EXPO,GATE-02,utilization_m2_pct,45.1
2026-06-23T05:15:00+00:00,ZONE-EXPO,GATE-02,comfort_index,60.7
2026-06-23T05:30:00+00:00,ZONE-EXPO,GATE-02,occupancy_pct,45.7
2026-06-23T05:30:00+00:00,ZONE-EXPO,GATE-02,people_count,2286.0
2026-06-23T05:30:00+00:00,ZONE-EXPO,GATE-02,density_index,2.64
2026-06-23T05:30:00+00:00,ZONE-EXPO,GATE-02,utilization_m2_pct,42.9
2026-06-23T05:30:00+00:00,ZONE-EXPO,GATE-02,comfort_index,63.2
2026-06-23T05:45:00+00:00,ZONE-EXPO,GATE-02,occupancy_pct,47.6
2026-06-23T05:45:00+00:00,ZONE-EXPO,GATE-02,people_count,2382.0
2026-06-23T05:45:00+00:00,ZONE-EXPO,GATE-02,density_index,2.78
2026-06-23T05:45:00+00:00,ZONE-EXPO,GATE-02,utilization_m2_pct,43.9
2026-06-23T05:45:00+00:00,ZONE-EXPO,GATE-02,comfort_index,57.0
2026-06-23T06:00:00+00:00,ZONE-EXPO,GATE-02,occupancy_pct,48.6
2026-06-23T06:00:00+00:00,ZONE-EXPO,GATE-02,people_count,2432.0
2026-06-23T06:00:00+00:00,ZONE-EXPO,GATE-02,density_index,2.65
2026-06-23T06:00:00+00:00,ZONE-EXPO,GATE-02,utilization_m2_pct,42.3
2026-06-23T06:00:00+00:00,ZONE-EXPO,GATE-02,comfort_index,61.9
2026-06-23T06:15:00+00:00,ZONE-EXPO,GATE-02,occupancy_pct,50.1
2026-06-23T06:15:00+00:00,ZONE-EXPO,GATE-02,people_count,2503.0
2026-06-23T06:15:00+00:00,ZONE-EXPO,GATE-02,density_index,2.88
2026-06-23T06:15:00+00:00,ZONE-EXPO,GATE-02,utilization_m2_pct,45.2
2026-06-23T06:15:00+00:00,ZONE-EXPO,GATE-02,comfort_index,52.4
2026-06-23T06:30:00+00:00,ZONE-EXPO,GATE-02,occupancy_pct,51.5
2026-06-23T06:30:00+00:00,ZONE-EXPO,GATE-02,people_count,2577.0
2026-06-23T06:30:00+00:00,ZONE-EXPO,GATE-02,density_index,2.93
2026-06-23T06:30:00+00:00,ZONE-EXPO,GATE-02,utilization_m2_pct,50.0
2026-06-23T06:30:00+00:00,ZONE-EXPO,GATE-02,comfort_index,55.6
2026-06-23T06:45:00+00:00,ZONE-EXPO,GATE-02,occupancy_pct,45.1
2026-06-23T06:45:00+00:00,ZONE-EXPO,GATE-02,people_count,2253.0
2026-06-23T06:45:00+00:00,ZONE-EXPO,GATE-02,density_index,2.61
2026-06-23T06:45:00+00:00,ZONE-EXPO,GATE-02,utilization_m2_pct,44.4
2026-06-23T06:45:00+00:00,ZONE-EXPO,GATE-02,comfort_index,57.3
2026-06-23T07:00:00+00:00,ZONE-EXPO,GATE-02,occupancy_pct,49.6
2026-06-23T07:00:00+00:00,ZONE-EXPO,GATE-02,people_count,2481.0
2026-06-23T07:00:00+00:00,ZONE-EXPO,GATE-02,density_index,2.56
2026-06-23T07:00:00+00:00,ZONE-EXPO,GATE-02,utilization_m2_pct,48.4
2026-06-23T07:00:00+00:00,ZONE-EXPO,GATE-02,comfort_index,54.7
2026-06-23T07:15:00+00:00,ZONE-EXPO,GATE-02,occupancy_pct,43.2
2026-06-23T07:15:00+00:00,ZONE-EXPO,GATE-02,people_count,2159.0
2026-06-23T07:15:00+00:00,ZONE-EXPO,GATE-02,density_index,2.35
2026-06-23T07:15:00+00:00,ZONE-EXPO,GATE-02,utilization_m2_pct,42.8
2026-06-23T07:15:00+00:00,ZONE-EXPO,GATE-02,comfort_index,64.7
2026-06-23T07:30:00+00:00,ZONE-EXPO,GATE-02,occupancy_pct,47.6
2026-06-23T07:30:00+00:00,ZONE-EXPO,GATE-02,people_count,2382.0
2026-06-23T07:30:00+00:00,ZONE-EXPO,GATE-02,density_index,2.79
2026-06-23T07:30:00+00:00,ZONE-EXPO,GATE-02,utilization_m2_pct,46.3
2026-06-23T07:30:00+00:00,ZONE-EXPO,GATE-02,comfort_index,55.6
2026-06-23T07:45:00+00:00,ZONE-EXPO,GATE-02,occupancy_pct,54.6
2026-06-23T07:45:00+00:00,ZONE-EXPO,GATE-02,people_count,2730.0
2026-06-23T07:45:00+00:00,ZONE-EXPO,GATE-02,density_index,3.04
2026-06-23T07:45:00+00:00,ZONE-EXPO,GATE-02,utilization_m2_pct,53.3
2026-06-23T07:45:00+00:00,ZONE-EXPO,GATE-02,comfort_index,51.5
2026-06-23T08:00:00+00:00,ZONE-EXPO,GATE-02,occupancy_pct,50.7
2026-06-23T08:00:00+00:00,ZONE-EXPO,GATE-02,people_count,2536.0
2026-06-23T08:00:00+00:00,ZONE-EXPO,GATE-02,density_index,2.86
2026-06-23T08:00:00+00:00,ZONE-EXPO,GATE-02,utilization_m2_pct,43.8
2026-06-23T08:00:00+00:00,ZONE-EXPO,GATE-02,comfort_index,54.4
2026-06-23T08:15:00+00:00,ZONE-EXPO,GATE-02,occupancy_pct,56.1
2026-06-23T08:15:00+00:00,ZONE-EXPO,GATE-02,people_count,2806.0
2026-06-23T08:15:00+00:00,ZONE-EXPO,GATE-02,density_index,3.32
2026-06-23T08:15:00+00:00,ZONE-EXPO,GATE-02,utilization_m2_pct,53.9
2026-06-23T08:15:00+00:00,ZONE-EXPO,GATE-02,comfort_index,44.6
2026-06-23T08:30:00+00:00,ZONE-EXPO,GATE-02,occupancy_pct,51.8
2026-06-23T08:30:00+00:00,ZONE-EXPO,GATE-02,people_count,2589.0
2026-06-23T08:30:00+00:00,ZONE-EXPO,GATE-02,density_index,2.72
2026-06-23T08:30:00+00:00,ZONE-EXPO,GATE-02,utilization_m2_pct,44.7
2026-06-23T08:30:00+00:00,ZONE-EXPO,GATE-02,comfort_index,52.4
2026-06-23T08:45:00+00:00,ZONE-EXPO,GATE-02,occupancy_pct,58.0
2026-06-23T08:45:00+00:00,ZONE-EXPO,GATE-02,people_count,2898.0
2026-06-23T08:45:00+00:00,ZONE-EXPO,GATE-02,density_index,3.46
2026-06-23T08:45:00+00:00,ZONE-EXPO,GATE-02,utilization_m2_pct,49.4
2026-06-23T08:45:00+00:00,ZONE-EXPO,GATE-02,comfort_index,48.3
2026-06-23T09:00:00+00:00,ZONE-EXPO,GATE-02,occupancy_pct,51.2
2026-06-23T09:00:00+00:00,ZONE-EXPO,GATE-02,people_count,2561.0
2026-06-23T09:00:00+00:00,ZONE-EXPO,GATE-02,density_index,3.08
2026-06-23T09:00:00+00:00,ZONE-EXPO,GATE-02,utilization_m2_pct,47.2
2026-06-23T09:00:00+00:00,ZONE-EXPO,GATE-02,comfort_index,55.5
2026-06-23T09:15:00+00:00,ZONE-EXPO,GATE-02,occupancy_pct,57.5
2026-06-23T09:15:00+00:00,ZONE-EXPO,GATE-02,people_count,2876.0
2026-06-23T09:15:00+00:00,ZONE-EXPO,GATE-02,density_index,3.55
2026-06-23T09:15:00+00:00,ZONE-EXPO,GATE-02,utilization_m2_pct,56.1
2026-06-23T09:15:00+00:00,ZONE-EXPO,GATE-02,comfort_index,51.3
2026-06-23T09:30:00+00:00,ZONE-EXPO,GATE-02,occupancy_pct,46.0
2026-06-23T09:30:00+00:00,ZONE-EXPO,GATE-02,people_count,2301.0
2026-06-23T09:30:00+00:00,ZONE-EXPO,GATE-02,density_index,2.85
2026-06-23T09:30:00+00:00,ZONE-EXPO,GATE-02,utilization_m2_pct,43.7
2026-06-23T09:30:00+00:00,ZONE-EXPO,GATE-02,comfort_index,54.2
2026-06-23T09:45:00+00:00,ZONE-EXPO,GATE-02,occupancy_pct,51.1
2026-06-23T09:45:00+00:00,ZONE-EXPO,GATE-02,people_count,2557.0
2026-06-23T09:45:00+00:00,ZONE-EXPO,GATE-02,density_index,2.82
2026-06-23T09:45:00+00:00,ZONE-EXPO,GATE-02,utilization_m2_pct,50.4
2026-06-23T09:45:00+00:00,ZONE-EXPO,GATE-02,comfort_index,55.8
2026-06-23T10:00:00+00:00,ZONE-EXPO,GATE-02,occupancy_pct,54.4
2026-06-23T10:00:00+00:00,ZONE-EXPO,GATE-02,people_count,2721.0
2026-06-23T10:00:00+00:00,ZONE-EXPO,GATE-02,density_index,3.51
2026-06-23T10:00:00+00:00,ZONE-EXPO,GATE-02,utilization_m2_pct,49.4
2026-06-23T10:00:00+00:00,ZONE-EXPO,GATE-02,comfort_index,45.8
2026-06-23T10:15:00+00:00,ZONE-EXPO,GATE-02,occupancy_pct,51.5
2026-06-23T10:15:00+00:00,ZONE-EXPO,GATE-02,people_count,2575.0
2026-06-23T10:15:00+00:00,ZONE-EXPO,GATE-02,density_index,2.55
2026-06-23T10:15:00+00:00,ZONE-EXPO,GATE-02,utilization_m2_pct,50.3
2026-06-23T10:15:00+00:00,ZONE-EXPO,GATE-02,comfort_index,63.5
2026-06-23T10:30:00+00:00,ZONE-EXPO,GATE-02,occupancy_pct,50.4
2026-06-23T10:30:00+00:00,ZONE-EXPO,GATE-02,people_count,2521.0
2026-06-23T10:30:00+00:00,ZONE-EXPO,GATE-02,density_index,3.0
2026-06-23T10:30:00+00:00,ZONE-EXPO,GATE-02,utilization_m2_pct,49.6
2026-06-23T10:30:00+00:00,ZONE-EXPO,GATE-02,comfort_index,57.4
2026-06-23T10:45:00+00:00,ZONE-EXPO,GATE-02,occupancy_pct,51.6
2026-06-23T10:45:00+00:00,ZONE-EXPO,GATE-02,people_count,2581.0
2026-06-23T10:45:00+00:00,ZONE-EXPO,GATE-02,density_index,3.12
2026-06-23T10:45:00+00:00,ZONE-EXPO,GATE-02,utilization_m2_pct,47.5
2026-06-23T10:45:00+00:00,ZONE-EXPO,GATE-02,comfort_index,56.1
2026-06-23T11:00:00+00:00,ZONE-EXPO,GATE-02,occupancy_pct,47.8
2026-06-23T11:00:00+00:00,ZONE-EXPO,GATE-02,people_count,2388.0
2026-06-23T11:00:00+00:00,ZONE-EXPO,GATE-02,density_index,2.83
2026-06-23T11:00:00+00:00,ZONE-EXPO,GATE-02,utilization_m2_pct,40.7
2026-06-23T11:00:00+00:00,ZONE-EXPO,GATE-02,comfort_index,53.1
2026-06-23T11:15:00+00:00,ZONE-EXPO,GATE-02,occupancy_pct,50.2
2026-06-23T11:15:00+00:00,ZONE-EXPO,GATE-02,people_count,2510.0
2026-06-23T11:15:00+00:00,ZONE-EXPO,GATE-02,density_index,2.86
2026-06-23T11:15:00+00:00,ZONE-EXPO,GATE-02,utilization_m2_pct,47.0
2026-06-23T11:15:00+00:00,ZONE-EXPO,GATE-02,comfort_index,55.5
2026-06-23T11:30:00+00:00,ZONE-EXPO,GATE-02,occupancy_pct,57.6
2026-06-23T11:30:00+00:00,ZONE-EXPO,GATE-02,people_count,2882.0
2026-06-23T11:30:00+00:00,ZONE-EXPO,GATE-02,density_index,3.14
2026-06-23T11:30:00+00:00,ZONE-EXPO,GATE-02,utilization_m2_pct,53.4
2026-06-23T11:30:00+00:00,ZONE-EXPO,GATE-02,comfort_index,48.2
2026-06-23T11:45:00+00:00,ZONE-EXPO,GATE-02,occupancy_pct,54.0
2026-06-23T11:45:00+00:00,ZONE-EXPO,GATE-02,people_count,2700.0
2026-06-23T11:45:00+00:00,ZONE-EXPO,GATE-02,density_index,2.6
2026-06-23T11:45:00+00:00,ZONE-EXPO,GATE-02,utilization_m2_pct,47.1
2026-06-23T11:45:00+00:00,ZONE-EXPO,GATE-02,comfort_index,56.7
2026-06-23T12:00:00+00:00,ZONE-EXPO,GATE-02,occupancy_pct,48.1
2026-06-23T12:00:00+00:00,ZONE-EXPO,GATE-02,people_count,2406.0
2026-06-23T12:00:00+00:00,ZONE-EXPO,GATE-02,density_index,2.58
2026-06-23T12:00:00+00:00,ZONE-EXPO,GATE-02,utilization_m2_pct,41.6
2026-06-23T12:00:00+00:00,ZONE-EXPO,GATE-02,comfort_index,58.3
2026-06-23T12:15:00+00:00,ZONE-EXPO,GATE-02,occupancy_pct,54.4
2026-06-23T12:15:00+00:00,ZONE-EXPO,GATE-02,people_count,2718.0
2026-06-23T12:15:00+00:00,ZONE-EXPO,GATE-02,density_index,3.18
2026-06-23T12:15:00+00:00,ZONE-EXPO,GATE-02,utilization_m2_pct,53.0
2026-06-23T12:15:00+00:00,ZONE-EXPO,GATE-02,comfort_index,52.2
2026-06-23T12:30:00+00:00,ZONE-EXPO,GATE-02,occupancy_pct,48.6
2026-06-23T12:30:00+00:00,ZONE-EXPO,GATE-02,people_count,2432.0
2026-06-23T12:30:00+00:00,ZONE-EXPO,GATE-02,density_index,3.06
2026-06-23T12:30:00+00:00,ZONE-EXPO,GATE-02,utilization_m2_pct,44.9
2026-06-23T12:30:00+00:00,ZONE-EXPO,GATE-02,comfort_index,52.2
2026-06-23T12:45:00+00:00,ZONE-EXPO,GATE-02,occupancy_pct,49.9
2026-06-23T12:45:00+00:00,ZONE-EXPO,GATE-02,people_count,2494.0
2026-06-23T12:45:00+00:00,ZONE-EXPO,GATE-02,density_index,2.93
2026-06-23T12:45:00+00:00,ZONE-EXPO,GATE-02,utilization_m2_pct,43.3
2026-06-23T12:45:00+00:00,ZONE-EXPO,GATE-02,comfort_index,55.7
2026-06-23T13:00:00+00:00,ZONE-EXPO,GATE-02,occupancy_pct,52.2
2026-06-23T13:00:00+00:00,ZONE-EXPO,GATE-02,people_count,2609.0
2026-06-23T13:00:00+00:00,ZONE-EXPO,GATE-02,density_index,2.7
2026-06-23T13:00:00+00:00,ZONE-EXPO,GATE-02,utilization_m2_pct,51.9
2026-06-23T13:00:00+00:00,ZONE-EXPO,GATE-02,comfort_index,54.4
2026-06-23T13:15:00+00:00,ZONE-EXPO,GATE-02,occupancy_pct,46.5
2026-06-23T13:15:00+00:00,ZONE-EXPO,GATE-02,people_count,2325.0
2026-06-23T13:15:00+00:00,ZONE-EXPO,GATE-02,density_index,2.4
2026-06-23T13:15:00+00:00,ZONE-EXPO,GATE-02,utilization_m2_pct,41.5
2026-06-23T13:15:00+00:00,ZONE-EXPO,GATE-02,comfort_index,57.9
2026-06-23T13:30:00+00:00,ZONE-EXPO,GATE-02,occupancy_pct,42.5
2026-06-23T13:30:00+00:00,ZONE-EXPO,GATE-02,people_count,2123.0
2026-06-23T13:30:00+00:00,ZONE-EXPO,GATE-02,density_index,2.61
2026-06-23T13:30:00+00:00,ZONE-EXPO,GATE-02,utilization_m2_pct,37.4
2026-06-23T13:30:00+00:00,ZONE-EXPO,GATE-02,comfort_index,67.7
2026-06-23T13:45:00+00:00,ZONE-EXPO,GATE-02,occupancy_pct,49.5
2026-06-23T13:45:00+00:00,ZONE-EXPO,GATE-02,people_count,2473.0
2026-06-23T13:45:00+00:00,ZONE-EXPO,GATE-02,density_index,2.68
2026-06-23T13:45:00+00:00,ZONE-EXPO,GATE-02,utilization_m2_pct,49.3
2026-06-23T13:45:00+00:00,ZONE-EXPO,GATE-02,comfort_index,60.4
2026-06-23T14:00:00+00:00,ZONE-EXPO,GATE-02,occupancy_pct,48.2
2026-06-23T14:00:00+00:00,ZONE-EXPO,GATE-02,people_count,2410.0
2026-06-23T14:00:00+00:00,ZONE-EXPO,GATE-02,density_index,2.9
2026-06-23T14:00:00+00:00,ZONE-EXPO,GATE-02,utilization_m2_pct,43.4
2026-06-23T14:00:00+00:00,ZONE-EXPO,GATE-02,comfort_index,55.9
2026-06-23T14:15:00+00:00,ZONE-EXPO,GATE-02,occupancy_pct,51.0
2026-06-23T14:15:00+00:00,ZONE-EXPO,GATE-02,people_count,2549.0
2026-06-23T14:15:00+00:00,ZONE-EXPO,GATE-02,density_index,3.27
2026-06-23T14:15:00+00:00,ZONE-EXPO,GATE-02,utilization_m2_pct,51.0
2026-06-23T14:15:00+00:00,ZONE-EXPO,GATE-02,comfort_index,53.8
2026-06-23T14:30:00+00:00,ZONE-EXPO,GATE-02,occupancy_pct,46.5
2026-06-23T14:30:00+00:00,ZONE-EXPO,GATE-02,people_count,2326.0
2026-06-23T14:30:00+00:00,ZONE-EXPO,GATE-02,density_index,2.85
2026-06-23T14:30:00+00:00,ZONE-EXPO,GATE-02,utilization_m2_pct,42.2
2026-06-23T14:30:00+00:00,ZONE-EXPO,GATE-02,comfort_index,57.0
2026-06-23T14:45:00+00:00,ZONE-EXPO,GATE-02,occupancy_pct,40.8
2026-06-23T14:45:00+00:00,ZONE-EXPO,GATE-02,people_count,2039.0
2026-06-23T14:45:00+00:00,ZONE-EXPO,GATE-02,density_index,2.65
2026-06-23T14:45:00+00:00,ZONE-EXPO,GATE-02,utilization_m2_pct,36.3
2026-06-23T14:45:00+00:00,ZONE-EXPO,GATE-02,comfort_index,56.8
2026-06-23T15:00:00+00:00,ZONE-EXPO,GATE-02,occupancy_pct,47.9
2026-06-23T15:00:00+00:00,ZONE-EXPO,GATE-02,people_count,2396.0
2026-06-23T15:00:00+00:00,ZONE-EXPO,GATE-02,density_index,2.92
2026-06-23T15:00:00+00:00,ZONE-EXPO,GATE-02,utilization_m2_pct,41.2
2026-06-23T15:00:00+00:00,ZONE-EXPO,GATE-02,comfort_index,54.9
2026-06-23T15:15:00+00:00,ZONE-EXPO,GATE-02,occupancy_pct,44.3
2026-06-23T15:15:00+00:00,ZONE-EXPO,GATE-02,people_count,2217.0
2026-06-23T15:15:00+00:00,ZONE-EXPO,GATE-02,density_index,2.63
2026-06-23T15:15:00+00:00,ZONE-EXPO,GATE-02,utilization_m2_pct,43.2
2026-06-23T15:15:00+00:00,ZONE-EXPO,GATE-02,comfort_index,57.6
2026-06-23T15:30:00+00:00,ZONE-EXPO,GATE-02,occupancy_pct,36.5
2026-06-23T15:30:00+00:00,ZONE-EXPO,GATE-02,people_count,1825.0
2026-06-23T15:30:00+00:00,ZONE-EXPO,GATE-02,density_index,1.9
2026-06-23T15:30:00+00:00,ZONE-EXPO,GATE-02,utilization_m2_pct,34.7
2026-06-23T15:30:00+00:00,ZONE-EXPO,GATE-02,comfort_index,69.6
2026-06-23T15:45:00+00:00,ZONE-EXPO,GATE-02,occupancy_pct,34.7
2026-06-23T15:45:00+00:00,ZONE-EXPO,GATE-02,people_count,1736.0
2026-06-23T15:45:00+00:00,ZONE-EXPO,GATE-02,density_index,2.05
2026-06-23T15:45:00+00:00,ZONE-EXPO,GATE-02,utilization_m2_pct,30.4
2026-06-23T15:45:00+00:00,ZONE-EXPO,GATE-02,comfort_index,66.1
2026-06-23T16:00:00+00:00,ZONE-EXPO,GATE-02,occupancy_pct,40.9
2026-06-23T16:00:00+00:00,ZONE-EXPO,GATE-02,people_count,2044.0
2026-06-23T16:00:00+00:00,ZONE-EXPO,GATE-02,density_index,2.7
2026-06-23T16:00:00+00:00,ZONE-EXPO,GATE-02,utilization_m2_pct,35.5
2026-06-23T16:00:00+00:00,ZONE-EXPO,GATE-02,comfort_index,62.0
2026-06-23T16:15:00+00:00,ZONE-EXPO,GATE-02,occupancy_pct,37.8
2026-06-23T16:15:00+00:00,ZONE-EXPO,GATE-02,people_count,1890.0
2026-06-23T16:15:00+00:00,ZONE-EXPO,GATE-02,density_index,2.48
2026-06-23T16:15:00+00:00,ZONE-EXPO,GATE-02,utilization_m2_pct,36.3
2026-06-23T16:15:00+00:00,ZONE-EXPO,GATE-02,comfort_index,65.4
2026-06-23T16:30:00+00:00,ZONE-EXPO,GATE-02,occupancy_pct,38.9
2026-06-23T16:30:00+00:00,ZONE-EXPO,GATE-02,people_count,1943.0
2026-06-23T16:30:00+00:00,ZONE-EXPO,GATE-02,density_index,2.03
2026-06-23T16:30:00+00:00,ZONE-EXPO,GATE-02,utilization_m2_pct,37.0
2026-06-23T16:30:00+00:00,ZONE-EXPO,GATE-02,comfort_index,66.3
2026-06-23T16:45:00+00:00,ZONE-EXPO,GATE-02,occupancy_pct,34.0
2026-06-23T16:45:00+00:00,ZONE-EXPO,GATE-02,people_count,1701.0
2026-06-23T16:45:00+00:00,ZONE-EXPO,GATE-02,density_index,1.99
2026-06-23T16:45:00+00:00,ZONE-EXPO,GATE-02,utilization_m2_pct,30.5
2026-06-23T16:45:00+00:00,ZONE-EXPO,GATE-02,comfort_index,70.3
2026-06-23T17:00:00+00:00,ZONE-EXPO,GATE-02,occupancy_pct,36.3
2026-06-23T17:00:00+00:00,ZONE-EXPO,GATE-02,people_count,1813.0
2026-06-23T17:00:00+00:00,ZONE-EXPO,GATE-02,density_index,1.93
2026-06-23T17:00:00+00:00,ZONE-EXPO,GATE-02,utilization_m2_pct,35.4
2026-06-23T17:00:00+00:00,ZONE-EXPO,GATE-02,comfort_index,64.2
2026-06-23T17:15:00+00:00,ZONE-EXPO,GATE-02,occupancy_pct,26.6
2026-06-23T17:15:00+00:00,ZONE-EXPO,GATE-02,people_count,1331.0
2026-06-23T17:15:00+00:00,ZONE-EXPO,GATE-02,density_index,1.44
2026-06-23T17:15:00+00:00,ZONE-EXPO,GATE-02,utilization_m2_pct,25.7
2026-06-23T17:15:00+00:00,ZONE-EXPO,GATE-02,comfort_index,84.7
2026-06-23T17:30:00+00:00,ZONE-EXPO,GATE-02,occupancy_pct,36.6
2026-06-23T17:30:00+00:00,ZONE-EXPO,GATE-02,people_count,1829.0
2026-06-23T17:30:00+00:00,ZONE-EXPO,GATE-02,density_index,2.14
2026-06-23T17:30:00+00:00,ZONE-EXPO,GATE-02,utilization_m2_pct,31.7
2026-06-23T17:30:00+00:00,ZONE-EXPO,GATE-02,comfort_index,65.4
2026-06-23T17:45:00+00:00,ZONE-EXPO,GATE-02,occupancy_pct,37.0
2026-06-23T17:45:00+00:00,ZONE-EXPO,GATE-02,people_count,1848.0
2026-06-23T17:45:00+00:00,ZONE-EXPO,GATE-02,density_index,2.5
2026-06-23T17:45:00+00:00,ZONE-EXPO,GATE-02,utilization_m2_pct,33.2
2026-06-23T17:45:00+00:00,ZONE-EXPO,GATE-02,comfort_index,64.2
2026-06-23T18:00:00+00:00,ZONE-EXPO,GATE-02,occupancy_pct,27.1
2026-06-23T18:00:00+00:00,ZONE-EXPO,GATE-02,people_count,1354.0
2026-06-23T18:00:00+00:00,ZONE-EXPO,GATE-02,density_index,1.43
2026-06-23T18:00:00+00:00,ZONE-EXPO,GATE-02,utilization_m2_pct,23.1
2026-06-23T18:00:00+00:00,ZONE-EXPO,GATE-02,comfort_index,75.9
2026-06-23T18:15:00+00:00,ZONE-EXPO,GATE-02,occupancy_pct,34.6
2026-06-23T18:15:00+00:00,ZONE-EXPO,GATE-02,people_count,1730.0
2026-06-23T18:15:00+00:00,ZONE-EXPO,GATE-02,density_index,1.66
2026-06-23T18:15:00+00:00,ZONE-EXPO,GATE-02,utilization_m2_pct,31.0
2026-06-23T18:15:00+00:00,ZONE-EXPO,GATE-02,comfort_index,70.7
2026-06-23T18:30:00+00:00,ZONE-EXPO,GATE-02,occupancy_pct,37.6
2026-06-23T18:30:00+00:00,ZONE-EXPO,GATE-02,people_count,1882.0
2026-06-23T18:30:00+00:00,ZONE-EXPO,GATE-02,density_index,2.1
2026-06-23T18:30:00+00:00,ZONE-EXPO,GATE-02,utilization_m2_pct,33.7
2026-06-23T18:30:00+00:00,ZONE-EXPO,GATE-02,comfort_index,68.3
2026-06-23T18:45:00+00:00,ZONE-EXPO,GATE-02,occupancy_pct,29.6
2026-06-23T18:45:00+00:00,ZONE-EXPO,GATE-02,people_count,1482.0
2026-06-23T18:45:00+00:00,ZONE-EXPO,GATE-02,density_index,1.56
2026-06-23T18:45:00+00:00,ZONE-EXPO,GATE-02,utilization_m2_pct,27.1
2026-06-23T18:45:00+00:00,ZONE-EXPO,GATE-02,comfort_index,77.2
2026-06-23T19:00:00+00:00,ZONE-EXPO,GATE-02,occupancy_pct,21.3
2026-06-23T19:00:00+00:00,ZONE-EXPO,GATE-02,people_count,1064.0
2026-06-23T19:00:00+00:00,ZONE-EXPO,GATE-02,density_index,1.02
2026-06-23T19:00:00+00:00,ZONE-EXPO,GATE-02,utilization_m2_pct,18.1
2026-06-23T19:00:00+00:00,ZONE-EXPO,GATE-02,comfort_index,84.4
2026-06-23T19:15:00+00:00,ZONE-EXPO,GATE-02,occupancy_pct,28.2
2026-06-23T19:15:00+00:00,ZONE-EXPO,GATE-02,people_count,1409.0
2026-06-23T19:15:00+00:00,ZONE-EXPO,GATE-02,density_index,1.28
2026-06-23T19:15:00+00:00,ZONE-EXPO,GATE-02,utilization_m2_pct,27.1
2026-06-23T19:15:00+00:00,ZONE-EXPO,GATE-02,comfort_index,76.7
2026-06-23T19:30:00+00:00,ZONE-EXPO,GATE-02,occupancy_pct,19.6
2026-06-23T19:30:00+00:00,ZONE-EXPO,GATE-02,people_count,978.0
2026-06-23T19:30:00+00:00,ZONE-EXPO,GATE-02,density_index,1.31
2026-06-23T19:30:00+00:00,ZONE-EXPO,GATE-02,utilization_m2_pct,17.5
2026-06-23T19:30:00+00:00,ZONE-EXPO,GATE-02,comfort_index,76.0
2026-06-23T19:45:00+00:00,ZONE-EXPO,GATE-02,occupancy_pct,22.1
2026-06-23T19:45:00+00:00,ZONE-EXPO,GATE-02,people_count,1103.0
2026-06-23T19:45:00+00:00,ZONE-EXPO,GATE-02,density_index,1.26
2026-06-23T19:45:00+00:00,ZONE-EXPO,GATE-02,utilization_m2_pct,21.1
2026-06-23T19:45:00+00:00,ZONE-EXPO,GATE-02,comfort_index,79.9
2026-06-23T20:00:00+00:00,ZONE-EXPO,GATE-02,occupancy_pct,13.8
2026-06-23T20:00:00+00:00,ZONE-EXPO,GATE-02,people_count,690.0
2026-06-23T20:00:00+00:00,ZONE-EXPO,GATE-02,density_index,0.59
2026-06-23T20:00:00+00:00,ZONE-EXPO,GATE-02,utilization_m2_pct,11.8
2026-06-23T20:00:00+00:00,ZONE-EXPO,GATE-02,comfort_index,91.3
2026-06-23T20:15:00+00:00,ZONE-EXPO,GATE-02,occupancy_pct,21.3
2026-06-23T20:15:00+00:00,ZONE-EXPO,GATE-02,people_count,1066.0
2026-06-23T20:15:00+00:00,ZONE-EXPO,GATE-02,density_index,1.4
2026-06-23T20:15:00+00:00,ZONE-EXPO,GATE-02,utilization_m2_pct,19.9
2026-06-23T20:15:00+00:00,ZONE-EXPO,GATE-02,comfort_index,79.8
2026-06-23T20:30:00+00:00,ZONE-EXPO,GATE-02,occupancy_pct,22.3
2026-06-23T20:30:00+00:00,ZONE-EXPO,GATE-02,people_count,1117.0
2026-06-23T20:30:00+00:00,ZONE-EXPO,GATE-02,density_index,1.51
2026-06-23T20:30:00+00:00,ZONE-EXPO,GATE-02,utilization_m2_pct,21.5
2026-06-23T20:30:00+00:00,ZONE-EXPO,GATE-02,comfort_index,78.5
2026-06-23T20:45:00+00:00,ZONE-EXPO,GATE-02,occupancy_pct,22.8
2026-06-23T20:45:00+00:00,ZONE-EXPO,GATE-02,people_count,1140.0
2026-06-23T20:45:00+00:00,ZONE-EXPO,GATE-02,density_index,1.24
2026-06-23T20:45:00+00:00,ZONE-EXPO,GATE-02,utilization_m2_pct,19.5
2026-06-23T20:45:00+00:00,ZONE-EXPO,GATE-02,comfort_index,79.5
2026-06-23T21:00:00+00:00,ZONE-EXPO,GATE-02,occupancy_pct,23.3
2026-06-23T21:00:00+00:00,ZONE-EXPO,GATE-02,people_count,1167.0
2026-06-23T21:00:00+00:00,ZONE-EXPO,GATE-02,density_index,1.49
2026-06-23T21:00:00+00:00,ZONE-EXPO,GATE-02,utilization_m2_pct,20.4
2026-06-23T21:00:00+00:00,ZONE-EXPO,GATE-02,comfort_index,83.0
2026-06-23T21:15:00+00:00,ZONE-EXPO,GATE-02,occupancy_pct,19.9
2026-06-23T21:15:00+00:00,ZONE-EXPO,GATE-02,people_count,995.0
2026-06-23T21:15:00+00:00,ZONE-EXPO,GATE-02,density_index,1.16
2026-06-23T21:15:00+00:00,ZONE-EXPO,GATE-02,utilization_m2_pct,17.9
2026-06-23T21:15:00+00:00,ZONE-EXPO,GATE-02,comfort_index,77.7
2026-06-23T21:30:00+00:00,ZONE-EXPO,GATE-02,occupancy_pct,21.9
2026-06-23T21:30:00+00:00,ZONE-EXPO,GATE-02,people_count,1097.0
2026-06-23T21:30:00+00:00,ZONE-EXPO,GATE-02,density_index,1.26
2026-06-23T21:30:00+00:00,ZONE-EXPO,GATE-02,utilization_m2_pct,19.1
2026-06-23T21:30:00+00:00,ZONE-EXPO,GATE-02,comfort_index,78.1
2026-06-23T21:45:00+00:00,ZONE-EXPO,GATE-02,occupancy_pct,24.9
2026-06-23T21:45:00+00:00,ZONE-EXPO,GATE-02,people_count,1246.0
2026-06-23T21:45:00+00:00,ZONE-EXPO,GATE-02,density_index,1.43
2026-06-23T21:45:00+00:00,ZONE-EXPO,GATE-02,utilization_m2_pct,24.3
2026-06-23T21:45:00+00:00,ZONE-EXPO,GATE-02,comfort_index,71.0
2026-06-23T22:00:00+00:00,ZONE-EXPO,GATE-02,occupancy_pct,16.2
2026-06-23T22:00:00+00:00,ZONE-EXPO,GATE-02,people_count,811.0
2026-06-23T22:00:00+00:00,ZONE-EXPO,GATE-02,density_index,0.74
2026-06-23T22:00:00+00:00,ZONE-EXPO,GATE-02,utilization_m2_pct,16.1
2026-06-23T22:00:00+00:00,ZONE-EXPO,GATE-02,comfort_index,90.5
2026-06-23T22:15:00+00:00,ZONE-EXPO,GATE-02,occupancy_pct,19.3
2026-06-23T22:15:00+00:00,ZONE-EXPO,GATE-02,people_count,963.0
2026-06-23T22:15:00+00:00,ZONE-EXPO,GATE-02,density_index,0.97
2026-06-23T22:15:00+00:00,ZONE-EXPO,GATE-02,utilization_m2_pct,18.9
2026-06-23T22:15:00+00:00,ZONE-EXPO,GATE-02,comfort_index,78.2
2026-06-23T22:30:00+00:00,ZONE-EXPO,GATE-02,occupancy_pct,16.2
2026-06-23T22:30:00+00:00,ZONE-EXPO,GATE-02,people_count,811.0
2026-06-23T22:30:00+00:00,ZONE-EXPO,GATE-02,density_index,0.87
2026-06-23T22:30:00+00:00,ZONE-EXPO,GATE-02,utilization_m2_pct,16.1
2026-06-23T22:30:00+00:00,ZONE-EXPO,GATE-02,comfort_index,85.2
2026-06-23T22:45:00+00:00,ZONE-EXPO,GATE-02,occupancy_pct,24.8
2026-06-23T22:45:00+00:00,ZONE-EXPO,GATE-02,people_count,1241.0
2026-06-23T22:45:00+00:00,ZONE-EXPO,GATE-02,density_index,1.66
2026-06-23T22:45:00+00:00,ZONE-EXPO,GATE-02,utilization_m2_pct,23.3
2026-06-23T22:45:00+00:00,ZONE-EXPO,GATE-02,comfort_index,76.7
2026-06-23T23:00:00+00:00,ZONE-EXPO,GATE-02,occupancy_pct,21.0
2026-06-23T23:00:00+00:00,ZONE-EXPO,GATE-02,people_count,1048.0
2026-06-23T23:00:00+00:00,ZONE-EXPO,GATE-02,density_index,1.21
2026-06-23T23:00:00+00:00,ZONE-EXPO,GATE-02,utilization_m2_pct,19.6
2026-06-23T23:00:00+00:00,ZONE-EXPO,GATE-02,comfort_index,82.3
2026-06-23T23:15:00+00:00,ZONE-EXPO,GATE-02,occupancy_pct,17.2
2026-06-23T23:15:00+00:00,ZONE-EXPO,GATE-02,people_count,859.0
2026-06-23T23:15:00+00:00,ZONE-EXPO,GATE-02,density_index,1.04
2026-06-23T23:15:00+00:00,ZONE-EXPO,GATE-02,utilization_m2_pct,14.7
2026-06-23T23:15:00+00:00,ZONE-EXPO,GATE-02,comfort_index,85.4
2026-06-23T23:30:00+00:00,ZONE-EXPO,GATE-02,occupancy_pct,24.9
2026-06-23T23:30:00+00:00,ZONE-EXPO,GATE-02,people_count,1244.0
2026-06-23T23:30:00+00:00,ZONE-EXPO,GATE-02,density_index,1.21
2026-06-23T23:30:00+00:00,ZONE-EXPO,GATE-02,utilization_m2_pct,24.1
2026-06-23T23:30:00+00:00,ZONE-EXPO,GATE-02,comfort_index,79.4
2026-06-23T23:45:00+00:00,ZONE-EXPO,GATE-02,occupancy_pct,20.5
2026-06-23T23:45:00+00:00,ZONE-EXPO,GATE-02,people_count,1023.0
2026-06-23T23:45:00+00:00,ZONE-EXPO,GATE-02,density_index,1.06
2026-06-23T23:45:00+00:00,ZONE-EXPO,GATE-02,utilization_m2_pct,18.3
2026-06-23T23:45:00+00:00,ZONE-EXPO,GATE-02,comfort_index,81.9
2026-06-23T00:00:00+00:00,ZONE-STARTUP,GATE-03,occupancy_pct,14.7
2026-06-23T00:00:00+00:00,ZONE-STARTUP,GATE-03,people_count,177.0
2026-06-23T00:00:00+00:00,ZONE-STARTUP,GATE-03,density_index,0.77
2026-06-23T00:00:00+00:00,ZONE-STARTUP,GATE-03,utilization_m2_pct,12.7
2026-06-23T00:00:00+00:00,ZONE-STARTUP,GATE-03,comfort_index,89.3
2026-06-23T00:15:00+00:00,ZONE-STARTUP,GATE-03,occupancy_pct,12.1
2026-06-23T00:15:00+00:00,ZONE-STARTUP,GATE-03,people_count,145.0
2026-06-23T00:15:00+00:00,ZONE-STARTUP,GATE-03,density_index,0.24
2026-06-23T00:15:00+00:00,ZONE-STARTUP,GATE-03,utilization_m2_pct,11.2
2026-06-23T00:15:00+00:00,ZONE-STARTUP,GATE-03,comfort_index,89.7
2026-06-23T00:30:00+00:00,ZONE-STARTUP,GATE-03,occupancy_pct,24.2
2026-06-23T00:30:00+00:00,ZONE-STARTUP,GATE-03,people_count,290.0
2026-06-23T00:30:00+00:00,ZONE-STARTUP,GATE-03,density_index,1.6
2026-06-23T00:30:00+00:00,ZONE-STARTUP,GATE-03,utilization_m2_pct,22.6
2026-06-23T00:30:00+00:00,ZONE-STARTUP,GATE-03,comfort_index,76.5
2026-06-23T00:45:00+00:00,ZONE-STARTUP,GATE-03,occupancy_pct,22.7
2026-06-23T00:45:00+00:00,ZONE-STARTUP,GATE-03,people_count,272.0
2026-06-23T00:45:00+00:00,ZONE-STARTUP,GATE-03,density_index,1.29
2026-06-23T00:45:00+00:00,ZONE-STARTUP,GATE-03,utilization_m2_pct,22.6
2026-06-23T00:45:00+00:00,ZONE-STARTUP,GATE-03,comfort_index,77.9
2026-06-23T01:00:00+00:00,ZONE-STARTUP,GATE-03,occupancy_pct,23.0
2026-06-23T01:00:00+00:00,ZONE-STARTUP,GATE-03,people_count,276.0
2026-06-23T01:00:00+00:00,ZONE-STARTUP,GATE-03,density_index,1.39
2026-06-23T01:00:00+00:00,ZONE-STARTUP,GATE-03,utilization_m2_pct,21.7
2026-06-23T01:00:00+00:00,ZONE-STARTUP,GATE-03,comfort_index,77.1
2026-06-23T01:15:00+00:00,ZONE-STARTUP,GATE-03,occupancy_pct,14.8
2026-06-23T01:15:00+00:00,ZONE-STARTUP,GATE-03,people_count,178.0
2026-06-23T01:15:00+00:00,ZONE-STARTUP,GATE-03,density_index,0.76
2026-06-23T01:15:00+00:00,ZONE-STARTUP,GATE-03,utilization_m2_pct,14.4
2026-06-23T01:15:00+00:00,ZONE-STARTUP,GATE-03,comfort_index,88.7
2026-06-23T01:30:00+00:00,ZONE-STARTUP,GATE-03,occupancy_pct,23.5
2026-06-23T01:30:00+00:00,ZONE-STARTUP,GATE-03,people_count,282.0
2026-06-23T01:30:00+00:00,ZONE-STARTUP,GATE-03,density_index,1.33
2026-06-23T01:30:00+00:00,ZONE-STARTUP,GATE-03,utilization_m2_pct,21.0
2026-06-23T01:30:00+00:00,ZONE-STARTUP,GATE-03,comfort_index,78.8
2026-06-23T01:45:00+00:00,ZONE-STARTUP,GATE-03,occupancy_pct,26.6
2026-06-23T01:45:00+00:00,ZONE-STARTUP,GATE-03,people_count,319.0
2026-06-23T01:45:00+00:00,ZONE-STARTUP,GATE-03,density_index,1.8
2026-06-23T01:45:00+00:00,ZONE-STARTUP,GATE-03,utilization_m2_pct,24.8
2026-06-23T01:45:00+00:00,ZONE-STARTUP,GATE-03,comfort_index,74.6
2026-06-23T02:00:00+00:00,ZONE-STARTUP,GATE-03,occupancy_pct,25.7
2026-06-23T02:00:00+00:00,ZONE-STARTUP,GATE-03,people_count,309.0
2026-06-23T02:00:00+00:00,ZONE-STARTUP,GATE-03,density_index,1.39
2026-06-23T02:00:00+00:00,ZONE-STARTUP,GATE-03,utilization_m2_pct,24.0
2026-06-23T02:00:00+00:00,ZONE-STARTUP,GATE-03,comfort_index,74.7
2026-06-23T02:15:00+00:00,ZONE-STARTUP,GATE-03,occupancy_pct,33.9
2026-06-23T02:15:00+00:00,ZONE-STARTUP,GATE-03,people_count,406.0
2026-06-23T02:15:00+00:00,ZONE-STARTUP,GATE-03,density_index,1.9
2026-06-23T02:15:00+00:00,ZONE-STARTUP,GATE-03,utilization_m2_pct,32.6
2026-06-23T02:15:00+00:00,ZONE-STARTUP,GATE-03,comfort_index,72.3
2026-06-23T02:30:00+00:00,ZONE-STARTUP,GATE-03,occupancy_pct,33.7
2026-06-23T02:30:00+00:00,ZONE-STARTUP,GATE-03,people_count,404.0
2026-06-23T02:30:00+00:00,ZONE-STARTUP,GATE-03,density_index,1.78
2026-06-23T02:30:00+00:00,ZONE-STARTUP,GATE-03,utilization_m2_pct,30.3
2026-06-23T02:30:00+00:00,ZONE-STARTUP,GATE-03,comfort_index,67.8
2026-06-23T02:45:00+00:00,ZONE-STARTUP,GATE-03,occupancy_pct,20.0
2026-06-23T02:45:00+00:00,ZONE-STARTUP,GATE-03,people_count,240.0
2026-06-23T02:45:00+00:00,ZONE-STARTUP,GATE-03,density_index,1.2
2026-06-23T02:45:00+00:00,ZONE-STARTUP,GATE-03,utilization_m2_pct,17.4
2026-06-23T02:45:00+00:00,ZONE-STARTUP,GATE-03,comfort_index,82.4
2026-06-23T03:00:00+00:00,ZONE-STARTUP,GATE-03,occupancy_pct,23.9
2026-06-23T03:00:00+00:00,ZONE-STARTUP,GATE-03,people_count,287.0
2026-06-23T03:00:00+00:00,ZONE-STARTUP,GATE-03,density_index,1.1
2026-06-23T03:00:00+00:00,ZONE-STARTUP,GATE-03,utilization_m2_pct,21.5
2026-06-23T03:00:00+00:00,ZONE-STARTUP,GATE-03,comfort_index,80.4
2026-06-23T03:15:00+00:00,ZONE-STARTUP,GATE-03,occupancy_pct,31.0
2026-06-23T03:15:00+00:00,ZONE-STARTUP,GATE-03,people_count,372.0
2026-06-23T03:15:00+00:00,ZONE-STARTUP,GATE-03,density_index,1.77
2026-06-23T03:15:00+00:00,ZONE-STARTUP,GATE-03,utilization_m2_pct,30.3
2026-06-23T03:15:00+00:00,ZONE-STARTUP,GATE-03,comfort_index,73.6
2026-06-23T03:30:00+00:00,ZONE-STARTUP,GATE-03,occupancy_pct,31.5
2026-06-23T03:30:00+00:00,ZONE-STARTUP,GATE-03,people_count,378.0
2026-06-23T03:30:00+00:00,ZONE-STARTUP,GATE-03,density_index,1.63
2026-06-23T03:30:00+00:00,ZONE-STARTUP,GATE-03,utilization_m2_pct,30.1
2026-06-23T03:30:00+00:00,ZONE-STARTUP,GATE-03,comfort_index,75.3
2026-06-23T03:45:00+00:00,ZONE-STARTUP,GATE-03,occupancy_pct,30.4
2026-06-23T03:45:00+00:00,ZONE-STARTUP,GATE-03,people_count,365.0
2026-06-23T03:45:00+00:00,ZONE-STARTUP,GATE-03,density_index,1.21
2026-06-23T03:45:00+00:00,ZONE-STARTUP,GATE-03,utilization_m2_pct,26.7
2026-06-23T03:45:00+00:00,ZONE-STARTUP,GATE-03,comfort_index,76.3
2026-06-23T04:00:00+00:00,ZONE-STARTUP,GATE-03,occupancy_pct,33.0
2026-06-23T04:00:00+00:00,ZONE-STARTUP,GATE-03,people_count,396.0
2026-06-23T04:00:00+00:00,ZONE-STARTUP,GATE-03,density_index,2.13
2026-06-23T04:00:00+00:00,ZONE-STARTUP,GATE-03,utilization_m2_pct,29.3
2026-06-23T04:00:00+00:00,ZONE-STARTUP,GATE-03,comfort_index,69.6
2026-06-23T04:15:00+00:00,ZONE-STARTUP,GATE-03,occupancy_pct,33.6
2026-06-23T04:15:00+00:00,ZONE-STARTUP,GATE-03,people_count,403.0
2026-06-23T04:15:00+00:00,ZONE-STARTUP,GATE-03,density_index,1.85
2026-06-23T04:15:00+00:00,ZONE-STARTUP,GATE-03,utilization_m2_pct,31.2
2026-06-23T04:15:00+00:00,ZONE-STARTUP,GATE-03,comfort_index,73.6
2026-06-23T04:30:00+00:00,ZONE-STARTUP,GATE-03,occupancy_pct,35.7
2026-06-23T04:30:00+00:00,ZONE-STARTUP,GATE-03,people_count,428.0
2026-06-23T04:30:00+00:00,ZONE-STARTUP,GATE-03,density_index,1.98
2026-06-23T04:30:00+00:00,ZONE-STARTUP,GATE-03,utilization_m2_pct,30.8
2026-06-23T04:30:00+00:00,ZONE-STARTUP,GATE-03,comfort_index,70.0
2026-06-23T04:45:00+00:00,ZONE-STARTUP,GATE-03,occupancy_pct,34.0
2026-06-23T04:45:00+00:00,ZONE-STARTUP,GATE-03,people_count,408.0
2026-06-23T04:45:00+00:00,ZONE-STARTUP,GATE-03,density_index,1.62
2026-06-23T04:45:00+00:00,ZONE-STARTUP,GATE-03,utilization_m2_pct,32.4
2026-06-23T04:45:00+00:00,ZONE-STARTUP,GATE-03,comfort_index,75.7
2026-06-23T05:00:00+00:00,ZONE-STARTUP,GATE-03,occupancy_pct,34.8
2026-06-23T05:00:00+00:00,ZONE-STARTUP,GATE-03,people_count,417.0
2026-06-23T05:00:00+00:00,ZONE-STARTUP,GATE-03,density_index,1.91
2026-06-23T05:00:00+00:00,ZONE-STARTUP,GATE-03,utilization_m2_pct,32.0
2026-06-23T05:00:00+00:00,ZONE-STARTUP,GATE-03,comfort_index,71.9
2026-06-23T05:15:00+00:00,ZONE-STARTUP,GATE-03,occupancy_pct,33.8
2026-06-23T05:15:00+00:00,ZONE-STARTUP,GATE-03,people_count,406.0
2026-06-23T05:15:00+00:00,ZONE-STARTUP,GATE-03,density_index,1.78
2026-06-23T05:15:00+00:00,ZONE-STARTUP,GATE-03,utilization_m2_pct,32.5
2026-06-23T05:15:00+00:00,ZONE-STARTUP,GATE-03,comfort_index,73.5
2026-06-23T05:30:00+00:00,ZONE-STARTUP,GATE-03,occupancy_pct,41.9
2026-06-23T05:30:00+00:00,ZONE-STARTUP,GATE-03,people_count,503.0
2026-06-23T05:30:00+00:00,ZONE-STARTUP,GATE-03,density_index,2.14
2026-06-23T05:30:00+00:00,ZONE-STARTUP,GATE-03,utilization_m2_pct,38.3
2026-06-23T05:30:00+00:00,ZONE-STARTUP,GATE-03,comfort_index,64.5
2026-06-23T05:45:00+00:00,ZONE-STARTUP,GATE-03,occupancy_pct,44.9
2026-06-23T05:45:00+00:00,ZONE-STARTUP,GATE-03,people_count,539.0
2026-06-23T05:45:00+00:00,ZONE-STARTUP,GATE-03,density_index,2.07
2026-06-23T05:45:00+00:00,ZONE-STARTUP,GATE-03,utilization_m2_pct,44.1
2026-06-23T05:45:00+00:00,ZONE-STARTUP,GATE-03,comfort_index,61.5
2026-06-23T06:00:00+00:00,ZONE-STARTUP,GATE-03,occupancy_pct,45.4
2026-06-23T06:00:00+00:00,ZONE-STARTUP,GATE-03,people_count,545.0
2026-06-23T06:00:00+00:00,ZONE-STARTUP,GATE-03,density_index,2.04
2026-06-23T06:00:00+00:00,ZONE-STARTUP,GATE-03,utilization_m2_pct,42.1
2026-06-23T06:00:00+00:00,ZONE-STARTUP,GATE-03,comfort_index,66.9
2026-06-23T06:15:00+00:00,ZONE-STARTUP,GATE-03,occupancy_pct,45.2
2026-06-23T06:15:00+00:00,ZONE-STARTUP,GATE-03,people_count,542.0
2026-06-23T06:15:00+00:00,ZONE-STARTUP,GATE-03,density_index,2.5
2026-06-23T06:15:00+00:00,ZONE-STARTUP,GATE-03,utilization_m2_pct,42.9
2026-06-23T06:15:00+00:00,ZONE-STARTUP,GATE-03,comfort_index,60.8
2026-06-23T06:30:00+00:00,ZONE-STARTUP,GATE-03,occupancy_pct,39.3
2026-06-23T06:30:00+00:00,ZONE-STARTUP,GATE-03,people_count,472.0
2026-06-23T06:30:00+00:00,ZONE-STARTUP,GATE-03,density_index,1.76
2026-06-23T06:30:00+00:00,ZONE-STARTUP,GATE-03,utilization_m2_pct,35.0
2026-06-23T06:30:00+00:00,ZONE-STARTUP,GATE-03,comfort_index,67.4
2026-06-23T06:45:00+00:00,ZONE-STARTUP,GATE-03,occupancy_pct,37.8
2026-06-23T06:45:00+00:00,ZONE-STARTUP,GATE-03,people_count,454.0
2026-06-23T06:45:00+00:00,ZONE-STARTUP,GATE-03,density_index,2.34
2026-06-23T06:45:00+00:00,ZONE-STARTUP,GATE-03,utilization_m2_pct,35.9
2026-06-23T06:45:00+00:00,ZONE-STARTUP,GATE-03,comfort_index,66.2
2026-06-23T07:00:00+00:00,ZONE-STARTUP,GATE-03,occupancy_pct,39.8
2026-06-23T07:00:00+00:00,ZONE-STARTUP,GATE-03,people_count,478.0
2026-06-23T07:00:00+00:00,ZONE-STARTUP,GATE-03,density_index,2.28
2026-06-23T07:00:00+00:00,ZONE-STARTUP,GATE-03,utilization_m2_pct,34.7
2026-06-23T07:00:00+00:00,ZONE-STARTUP,GATE-03,comfort_index,65.5
2026-06-23T07:15:00+00:00,ZONE-STARTUP,GATE-03,occupancy_pct,40.3
2026-06-23T07:15:00+00:00,ZONE-STARTUP,GATE-03,people_count,484.0
2026-06-23T07:15:00+00:00,ZONE-STARTUP,GATE-03,density_index,2.23
2026-06-23T07:15:00+00:00,ZONE-STARTUP,GATE-03,utilization_m2_pct,36.6
2026-06-23T07:15:00+00:00,ZONE-STARTUP,GATE-03,comfort_index,69.8
2026-06-23T07:30:00+00:00,ZONE-STARTUP,GATE-03,occupancy_pct,40.1
2026-06-23T07:30:00+00:00,ZONE-STARTUP,GATE-03,people_count,481.0
2026-06-23T07:30:00+00:00,ZONE-STARTUP,GATE-03,density_index,1.97
2026-06-23T07:30:00+00:00,ZONE-STARTUP,GATE-03,utilization_m2_pct,37.0
2026-06-23T07:30:00+00:00,ZONE-STARTUP,GATE-03,comfort_index,63.5
2026-06-23T07:45:00+00:00,ZONE-STARTUP,GATE-03,occupancy_pct,40.9
2026-06-23T07:45:00+00:00,ZONE-STARTUP,GATE-03,people_count,491.0
2026-06-23T07:45:00+00:00,ZONE-STARTUP,GATE-03,density_index,2.39
2026-06-23T07:45:00+00:00,ZONE-STARTUP,GATE-03,utilization_m2_pct,38.1
2026-06-23T07:45:00+00:00,ZONE-STARTUP,GATE-03,comfort_index,65.1
2026-06-23T08:00:00+00:00,ZONE-STARTUP,GATE-03,occupancy_pct,44.6
2026-06-23T08:00:00+00:00,ZONE-STARTUP,GATE-03,people_count,535.0
2026-06-23T08:00:00+00:00,ZONE-STARTUP,GATE-03,density_index,2.38
2026-06-23T08:00:00+00:00,ZONE-STARTUP,GATE-03,utilization_m2_pct,44.5
2026-06-23T08:00:00+00:00,ZONE-STARTUP,GATE-03,comfort_index,60.6
2026-06-23T08:15:00+00:00,ZONE-STARTUP,GATE-03,occupancy_pct,46.4
2026-06-23T08:15:00+00:00,ZONE-STARTUP,GATE-03,people_count,556.0
2026-06-23T08:15:00+00:00,ZONE-STARTUP,GATE-03,density_index,2.65
2026-06-23T08:15:00+00:00,ZONE-STARTUP,GATE-03,utilization_m2_pct,45.5
2026-06-23T08:15:00+00:00,ZONE-STARTUP,GATE-03,comfort_index,60.8
2026-06-23T08:30:00+00:00,ZONE-STARTUP,GATE-03,occupancy_pct,47.0
2026-06-23T08:30:00+00:00,ZONE-STARTUP,GATE-03,people_count,565.0
2026-06-23T08:30:00+00:00,ZONE-STARTUP,GATE-03,density_index,2.3
2026-06-23T08:30:00+00:00,ZONE-STARTUP,GATE-03,utilization_m2_pct,45.3
2026-06-23T08:30:00+00:00,ZONE-STARTUP,GATE-03,comfort_index,58.2
2026-06-23T08:45:00+00:00,ZONE-STARTUP,GATE-03,occupancy_pct,39.2
2026-06-23T08:45:00+00:00,ZONE-STARTUP,GATE-03,people_count,470.0
2026-06-23T08:45:00+00:00,ZONE-STARTUP,GATE-03,density_index,2.24
2026-06-23T08:45:00+00:00,ZONE-STARTUP,GATE-03,utilization_m2_pct,36.2
2026-06-23T08:45:00+00:00,ZONE-STARTUP,GATE-03,comfort_index,63.5
2026-06-23T09:00:00+00:00,ZONE-STARTUP,GATE-03,occupancy_pct,44.7
2026-06-23T09:00:00+00:00,ZONE-STARTUP,GATE-03,people_count,536.0
2026-06-23T09:00:00+00:00,ZONE-STARTUP,GATE-03,density_index,2.05
2026-06-23T09:00:00+00:00,ZONE-STARTUP,GATE-03,utilization_m2_pct,43.5
2026-06-23T09:00:00+00:00,ZONE-STARTUP,GATE-03,comfort_index,66.9
2026-06-23T09:15:00+00:00,ZONE-STARTUP,GATE-03,occupancy_pct,48.4
2026-06-23T09:15:00+00:00,ZONE-STARTUP,GATE-03,people_count,581.0
2026-06-23T09:15:00+00:00,ZONE-STARTUP,GATE-03,density_index,2.62
2026-06-23T09:15:00+00:00,ZONE-STARTUP,GATE-03,utilization_m2_pct,45.5
2026-06-23T09:15:00+00:00,ZONE-STARTUP,GATE-03,comfort_index,53.7
2026-06-23T09:30:00+00:00,ZONE-STARTUP,GATE-03,occupancy_pct,44.3
2026-06-23T09:30:00+00:00,ZONE-STARTUP,GATE-03,people_count,531.0
2026-06-23T09:30:00+00:00,ZONE-STARTUP,GATE-03,density_index,2.54
2026-06-23T09:30:00+00:00,ZONE-STARTUP,GATE-03,utilization_m2_pct,39.1
2026-06-23T09:30:00+00:00,ZONE-STARTUP,GATE-03,comfort_index,61.9
2026-06-23T09:45:00+00:00,ZONE-STARTUP,GATE-03,occupancy_pct,45.7
2026-06-23T09:45:00+00:00,ZONE-STARTUP,GATE-03,people_count,549.0
2026-06-23T09:45:00+00:00,ZONE-STARTUP,GATE-03,density_index,3.06
2026-06-23T09:45:00+00:00,ZONE-STARTUP,GATE-03,utilization_m2_pct,42.5
2026-06-23T09:45:00+00:00,ZONE-STARTUP,GATE-03,comfort_index,61.7
2026-06-23T10:00:00+00:00,ZONE-STARTUP,GATE-03,occupancy_pct,49.7
2026-06-23T10:00:00+00:00,ZONE-STARTUP,GATE-03,people_count,596.0
2026-06-23T10:00:00+00:00,ZONE-STARTUP,GATE-03,density_index,2.55
2026-06-23T10:00:00+00:00,ZONE-STARTUP,GATE-03,utilization_m2_pct,47.2
2026-06-23T10:00:00+00:00,ZONE-STARTUP,GATE-03,comfort_index,57.3
2026-06-23T10:15:00+00:00,ZONE-STARTUP,GATE-03,occupancy_pct,44.4
2026-06-23T10:15:00+00:00,ZONE-STARTUP,GATE-03,people_count,533.0
2026-06-23T10:15:00+00:00,ZONE-STARTUP,GATE-03,density_index,2.3
2026-06-23T10:15:00+00:00,ZONE-STARTUP,GATE-03,utilization_m2_pct,38.3
2026-06-23T10:15:00+00:00,ZONE-STARTUP,GATE-03,comfort_index,61.1
2026-06-23T10:30:00+00:00,ZONE-STARTUP,GATE-03,occupancy_pct,44.8
2026-06-23T10:30:00+00:00,ZONE-STARTUP,GATE-03,people_count,538.0
2026-06-23T10:30:00+00:00,ZONE-STARTUP,GATE-03,density_index,2.8
2026-06-23T10:30:00+00:00,ZONE-STARTUP,GATE-03,utilization_m2_pct,43.2
2026-06-23T10:30:00+00:00,ZONE-STARTUP,GATE-03,comfort_index,60.7
2026-06-23T10:45:00+00:00,ZONE-STARTUP,GATE-03,occupancy_pct,48.0
2026-06-23T10:45:00+00:00,ZONE-STARTUP,GATE-03,people_count,576.0
2026-06-23T10:45:00+00:00,ZONE-STARTUP,GATE-03,density_index,2.47
2026-06-23T10:45:00+00:00,ZONE-STARTUP,GATE-03,utilization_m2_pct,43.2
2026-06-23T10:45:00+00:00,ZONE-STARTUP,GATE-03,comfort_index,60.5
2026-06-23T11:00:00+00:00,ZONE-STARTUP,GATE-03,occupancy_pct,40.1
2026-06-23T11:00:00+00:00,ZONE-STARTUP,GATE-03,people_count,481.0
2026-06-23T11:00:00+00:00,ZONE-STARTUP,GATE-03,density_index,2.37
2026-06-23T11:00:00+00:00,ZONE-STARTUP,GATE-03,utilization_m2_pct,39.9
2026-06-23T11:00:00+00:00,ZONE-STARTUP,GATE-03,comfort_index,65.5
2026-06-23T11:15:00+00:00,ZONE-STARTUP,GATE-03,occupancy_pct,50.9
2026-06-23T11:15:00+00:00,ZONE-STARTUP,GATE-03,people_count,611.0
2026-06-23T11:15:00+00:00,ZONE-STARTUP,GATE-03,density_index,2.88
2026-06-23T11:15:00+00:00,ZONE-STARTUP,GATE-03,utilization_m2_pct,49.7
2026-06-23T11:15:00+00:00,ZONE-STARTUP,GATE-03,comfort_index,62.7
2026-06-23T11:30:00+00:00,ZONE-STARTUP,GATE-03,occupancy_pct,41.6
2026-06-23T11:30:00+00:00,ZONE-STARTUP,GATE-03,people_count,499.0
2026-06-23T11:30:00+00:00,ZONE-STARTUP,GATE-03,density_index,1.93
2026-06-23T11:30:00+00:00,ZONE-STARTUP,GATE-03,utilization_m2_pct,37.4
2026-06-23T11:30:00+00:00,ZONE-STARTUP,GATE-03,comfort_index,69.5
2026-06-23T11:45:00+00:00,ZONE-STARTUP,GATE-03,occupancy_pct,46.5
2026-06-23T11:45:00+00:00,ZONE-STARTUP,GATE-03,people_count,558.0
2026-06-23T11:45:00+00:00,ZONE-STARTUP,GATE-03,density_index,2.91
2026-06-23T11:45:00+00:00,ZONE-STARTUP,GATE-03,utilization_m2_pct,46.3
2026-06-23T11:45:00+00:00,ZONE-STARTUP,GATE-03,comfort_index,58.4
2026-06-23T12:00:00+00:00,ZONE-STARTUP,GATE-03,occupancy_pct,45.2
2026-06-23T12:00:00+00:00,ZONE-STARTUP,GATE-03,people_count,542.0
2026-06-23T12:00:00+00:00,ZONE-STARTUP,GATE-03,density_index,2.28
2026-06-23T12:00:00+00:00,ZONE-STARTUP,GATE-03,utilization_m2_pct,39.0
2026-06-23T12:00:00+00:00,ZONE-STARTUP,GATE-03,comfort_index,60.0
2026-06-23T12:15:00+00:00,ZONE-STARTUP,GATE-03,occupancy_pct,35.5
2026-06-23T12:15:00+00:00,ZONE-STARTUP,GATE-03,people_count,426.0
2026-06-23T12:15:00+00:00,ZONE-STARTUP,GATE-03,density_index,1.82
2026-06-23T12:15:00+00:00,ZONE-STARTUP,GATE-03,utilization_m2_pct,31.8
2026-06-23T12:15:00+00:00,ZONE-STARTUP,GATE-03,comfort_index,66.3
2026-06-23T12:30:00+00:00,ZONE-STARTUP,GATE-03,occupancy_pct,40.7
2026-06-23T12:30:00+00:00,ZONE-STARTUP,GATE-03,people_count,489.0
2026-06-23T12:30:00+00:00,ZONE-STARTUP,GATE-03,density_index,2.05
2026-06-23T12:30:00+00:00,ZONE-STARTUP,GATE-03,utilization_m2_pct,35.6
2026-06-23T12:30:00+00:00,ZONE-STARTUP,GATE-03,comfort_index,61.5
2026-06-23T12:45:00+00:00,ZONE-STARTUP,GATE-03,occupancy_pct,44.1
2026-06-23T12:45:00+00:00,ZONE-STARTUP,GATE-03,people_count,529.0
2026-06-23T12:45:00+00:00,ZONE-STARTUP,GATE-03,density_index,2.22
2026-06-23T12:45:00+00:00,ZONE-STARTUP,GATE-03,utilization_m2_pct,39.6
2026-06-23T12:45:00+00:00,ZONE-STARTUP,GATE-03,comfort_index,58.3
2026-06-23T13:00:00+00:00,ZONE-STARTUP,GATE-03,occupancy_pct,36.1
2026-06-23T13:00:00+00:00,ZONE-STARTUP,GATE-03,people_count,433.0
2026-06-23T13:00:00+00:00,ZONE-STARTUP,GATE-03,density_index,1.98
2026-06-23T13:00:00+00:00,ZONE-STARTUP,GATE-03,utilization_m2_pct,35.7
2026-06-23T13:00:00+00:00,ZONE-STARTUP,GATE-03,comfort_index,67.8
2026-06-23T13:15:00+00:00,ZONE-STARTUP,GATE-03,occupancy_pct,37.5
2026-06-23T13:15:00+00:00,ZONE-STARTUP,GATE-03,people_count,450.0
2026-06-23T13:15:00+00:00,ZONE-STARTUP,GATE-03,density_index,2.22
2026-06-23T13:15:00+00:00,ZONE-STARTUP,GATE-03,utilization_m2_pct,34.7
2026-06-23T13:15:00+00:00,ZONE-STARTUP,GATE-03,comfort_index,66.8
2026-06-23T13:30:00+00:00,ZONE-STARTUP,GATE-03,occupancy_pct,36.9
2026-06-23T13:30:00+00:00,ZONE-STARTUP,GATE-03,people_count,442.0
2026-06-23T13:30:00+00:00,ZONE-STARTUP,GATE-03,density_index,1.89
2026-06-23T13:30:00+00:00,ZONE-STARTUP,GATE-03,utilization_m2_pct,33.9
2026-06-23T13:30:00+00:00,ZONE-STARTUP,GATE-03,comfort_index,65.2
2026-06-23T13:45:00+00:00,ZONE-STARTUP,GATE-03,occupancy_pct,43.4
2026-06-23T13:45:00+00:00,ZONE-STARTUP,GATE-03,people_count,521.0
2026-06-23T13:45:00+00:00,ZONE-STARTUP,GATE-03,density_index,2.17
2026-06-23T13:45:00+00:00,ZONE-STARTUP,GATE-03,utilization_m2_pct,39.1
2026-06-23T13:45:00+00:00,ZONE-STARTUP,GATE-03,comfort_index,68.0
2026-06-23T14:00:00+00:00,ZONE-STARTUP,GATE-03,occupancy_pct,47.8
2026-06-23T14:00:00+00:00,ZONE-STARTUP,GATE-03,people_count,574.0
2026-06-23T14:00:00+00:00,ZONE-STARTUP,GATE-03,density_index,2.24
2026-06-23T14:00:00+00:00,ZONE-STARTUP,GATE-03,utilization_m2_pct,45.9
2026-06-23T14:00:00+00:00,ZONE-STARTUP,GATE-03,comfort_index,64.5
2026-06-23T14:15:00+00:00,ZONE-STARTUP,GATE-03,occupancy_pct,44.2
2026-06-23T14:15:00+00:00,ZONE-STARTUP,GATE-03,people_count,531.0
2026-06-23T14:15:00+00:00,ZONE-STARTUP,GATE-03,density_index,2.4
2026-06-23T14:15:00+00:00,ZONE-STARTUP,GATE-03,utilization_m2_pct,42.5
2026-06-23T14:15:00+00:00,ZONE-STARTUP,GATE-03,comfort_index,60.8
2026-06-23T14:30:00+00:00,ZONE-STARTUP,GATE-03,occupancy_pct,39.3
2026-06-23T14:30:00+00:00,ZONE-STARTUP,GATE-03,people_count,471.0
2026-06-23T14:30:00+00:00,ZONE-STARTUP,GATE-03,density_index,1.91
2026-06-23T14:30:00+00:00,ZONE-STARTUP,GATE-03,utilization_m2_pct,35.0
2026-06-23T14:30:00+00:00,ZONE-STARTUP,GATE-03,comfort_index,73.4
2026-06-23T14:45:00+00:00,ZONE-STARTUP,GATE-03,occupancy_pct,39.0
2026-06-23T14:45:00+00:00,ZONE-STARTUP,GATE-03,people_count,468.0
2026-06-23T14:45:00+00:00,ZONE-STARTUP,GATE-03,density_index,1.86
2026-06-23T14:45:00+00:00,ZONE-STARTUP,GATE-03,utilization_m2_pct,34.2
2026-06-23T14:45:00+00:00,ZONE-STARTUP,GATE-03,comfort_index,71.2
2026-06-23T15:00:00+00:00,ZONE-STARTUP,GATE-03,occupancy_pct,38.0
2026-06-23T15:00:00+00:00,ZONE-STARTUP,GATE-03,people_count,456.0
2026-06-23T15:00:00+00:00,ZONE-STARTUP,GATE-03,density_index,1.87
2026-06-23T15:00:00+00:00,ZONE-STARTUP,GATE-03,utilization_m2_pct,35.5
2026-06-23T15:00:00+00:00,ZONE-STARTUP,GATE-03,comfort_index,67.8
2026-06-23T15:15:00+00:00,ZONE-STARTUP,GATE-03,occupancy_pct,40.8
2026-06-23T15:15:00+00:00,ZONE-STARTUP,GATE-03,people_count,490.0
2026-06-23T15:15:00+00:00,ZONE-STARTUP,GATE-03,density_index,2.1
2026-06-23T15:15:00+00:00,ZONE-STARTUP,GATE-03,utilization_m2_pct,36.6
2026-06-23T15:15:00+00:00,ZONE-STARTUP,GATE-03,comfort_index,63.7
2026-06-23T15:30:00+00:00,ZONE-STARTUP,GATE-03,occupancy_pct,33.0
2026-06-23T15:30:00+00:00,ZONE-STARTUP,GATE-03,people_count,396.0
2026-06-23T15:30:00+00:00,ZONE-STARTUP,GATE-03,density_index,1.89
2026-06-23T15:30:00+00:00,ZONE-STARTUP,GATE-03,utilization_m2_pct,30.0
2026-06-23T15:30:00+00:00,ZONE-STARTUP,GATE-03,comfort_index,70.8
2026-06-23T15:45:00+00:00,ZONE-STARTUP,GATE-03,occupancy_pct,37.3
2026-06-23T15:45:00+00:00,ZONE-STARTUP,GATE-03,people_count,447.0
2026-06-23T15:45:00+00:00,ZONE-STARTUP,GATE-03,density_index,1.98
2026-06-23T15:45:00+00:00,ZONE-STARTUP,GATE-03,utilization_m2_pct,36.2
2026-06-23T15:45:00+00:00,ZONE-STARTUP,GATE-03,comfort_index,64.2
2026-06-23T16:00:00+00:00,ZONE-STARTUP,GATE-03,occupancy_pct,37.7
2026-06-23T16:00:00+00:00,ZONE-STARTUP,GATE-03,people_count,452.0
2026-06-23T16:00:00+00:00,ZONE-STARTUP,GATE-03,density_index,2.61
2026-06-23T16:00:00+00:00,ZONE-STARTUP,GATE-03,utilization_m2_pct,32.5
2026-06-23T16:00:00+00:00,ZONE-STARTUP,GATE-03,comfort_index,72.1
2026-06-23T16:15:00+00:00,ZONE-STARTUP,GATE-03,occupancy_pct,35.0
2026-06-23T16:15:00+00:00,ZONE-STARTUP,GATE-03,people_count,420.0
2026-06-23T16:15:00+00:00,ZONE-STARTUP,GATE-03,density_index,1.74
2026-06-23T16:15:00+00:00,ZONE-STARTUP,GATE-03,utilization_m2_pct,31.9
2026-06-23T16:15:00+00:00,ZONE-STARTUP,GATE-03,comfort_index,73.3
2026-06-23T16:30:00+00:00,ZONE-STARTUP,GATE-03,occupancy_pct,34.6
2026-06-23T16:30:00+00:00,ZONE-STARTUP,GATE-03,people_count,415.0
2026-06-23T16:30:00+00:00,ZONE-STARTUP,GATE-03,density_index,2.3
2026-06-23T16:30:00+00:00,ZONE-STARTUP,GATE-03,utilization_m2_pct,34.2
2026-06-23T16:30:00+00:00,ZONE-STARTUP,GATE-03,comfort_index,63.9
2026-06-23T16:45:00+00:00,ZONE-STARTUP,GATE-03,occupancy_pct,31.8
2026-06-23T16:45:00+00:00,ZONE-STARTUP,GATE-03,people_count,382.0
2026-06-23T16:45:00+00:00,ZONE-STARTUP,GATE-03,density_index,1.44
2026-06-23T16:45:00+00:00,ZONE-STARTUP,GATE-03,utilization_m2_pct,29.9
2026-06-23T16:45:00+00:00,ZONE-STARTUP,GATE-03,comfort_index,76.9
2026-06-23T17:00:00+00:00,ZONE-STARTUP,GATE-03,occupancy_pct,29.1
2026-06-23T17:00:00+00:00,ZONE-STARTUP,GATE-03,people_count,349.0
2026-06-23T17:00:00+00:00,ZONE-STARTUP,GATE-03,density_index,1.57
2026-06-23T17:00:00+00:00,ZONE-STARTUP,GATE-03,utilization_m2_pct,28.5
2026-06-23T17:00:00+00:00,ZONE-STARTUP,GATE-03,comfort_index,73.3
2026-06-23T17:15:00+00:00,ZONE-STARTUP,GATE-03,occupancy_pct,26.8
2026-06-23T17:15:00+00:00,ZONE-STARTUP,GATE-03,people_count,321.0
2026-06-23T17:15:00+00:00,ZONE-STARTUP,GATE-03,density_index,1.41
2026-06-23T17:15:00+00:00,ZONE-STARTUP,GATE-03,utilization_m2_pct,23.1
2026-06-23T17:15:00+00:00,ZONE-STARTUP,GATE-03,comfort_index,72.9
2026-06-23T17:30:00+00:00,ZONE-STARTUP,GATE-03,occupancy_pct,29.7
2026-06-23T17:30:00+00:00,ZONE-STARTUP,GATE-03,people_count,356.0
2026-06-23T17:30:00+00:00,ZONE-STARTUP,GATE-03,density_index,1.64
2026-06-23T17:30:00+00:00,ZONE-STARTUP,GATE-03,utilization_m2_pct,28.2
2026-06-23T17:30:00+00:00,ZONE-STARTUP,GATE-03,comfort_index,73.7
2026-06-23T17:45:00+00:00,ZONE-STARTUP,GATE-03,occupancy_pct,35.0
2026-06-23T17:45:00+00:00,ZONE-STARTUP,GATE-03,people_count,420.0
2026-06-23T17:45:00+00:00,ZONE-STARTUP,GATE-03,density_index,2.09
2026-06-23T17:45:00+00:00,ZONE-STARTUP,GATE-03,utilization_m2_pct,31.7
2026-06-23T17:45:00+00:00,ZONE-STARTUP,GATE-03,comfort_index,67.2
2026-06-23T18:00:00+00:00,ZONE-STARTUP,GATE-03,occupancy_pct,25.9
2026-06-23T18:00:00+00:00,ZONE-STARTUP,GATE-03,people_count,311.0
2026-06-23T18:00:00+00:00,ZONE-STARTUP,GATE-03,density_index,1.57
2026-06-23T18:00:00+00:00,ZONE-STARTUP,GATE-03,utilization_m2_pct,24.3
2026-06-23T18:00:00+00:00,ZONE-STARTUP,GATE-03,comfort_index,75.6
2026-06-23T18:15:00+00:00,ZONE-STARTUP,GATE-03,occupancy_pct,28.1
2026-06-23T18:15:00+00:00,ZONE-STARTUP,GATE-03,people_count,338.0
2026-06-23T18:15:00+00:00,ZONE-STARTUP,GATE-03,density_index,1.38
2026-06-23T18:15:00+00:00,ZONE-STARTUP,GATE-03,utilization_m2_pct,26.6
2026-06-23T18:15:00+00:00,ZONE-STARTUP,GATE-03,comfort_index,77.0
2026-06-23T18:30:00+00:00,ZONE-STARTUP,GATE-03,occupancy_pct,23.3
2026-06-23T18:30:00+00:00,ZONE-STARTUP,GATE-03,people_count,279.0
2026-06-23T18:30:00+00:00,ZONE-STARTUP,GATE-03,density_index,1.2
2026-06-23T18:30:00+00:00,ZONE-STARTUP,GATE-03,utilization_m2_pct,22.1
2026-06-23T18:30:00+00:00,ZONE-STARTUP,GATE-03,comfort_index,79.7
2026-06-23T18:45:00+00:00,ZONE-STARTUP,GATE-03,occupancy_pct,21.1
2026-06-23T18:45:00+00:00,ZONE-STARTUP,GATE-03,people_count,253.0
2026-06-23T18:45:00+00:00,ZONE-STARTUP,GATE-03,density_index,0.91
2026-06-23T18:45:00+00:00,ZONE-STARTUP,GATE-03,utilization_m2_pct,18.8
2026-06-23T18:45:00+00:00,ZONE-STARTUP,GATE-03,comfort_index,79.6
2026-06-23T19:00:00+00:00,ZONE-STARTUP,GATE-03,occupancy_pct,22.6
2026-06-23T19:00:00+00:00,ZONE-STARTUP,GATE-03,people_count,271.0
2026-06-23T19:00:00+00:00,ZONE-STARTUP,GATE-03,density_index,1.14
2026-06-23T19:00:00+00:00,ZONE-STARTUP,GATE-03,utilization_m2_pct,19.9
2026-06-23T19:00:00+00:00,ZONE-STARTUP,GATE-03,comfort_index,79.7
2026-06-23T19:15:00+00:00,ZONE-STARTUP,GATE-03,occupancy_pct,24.5
2026-06-23T19:15:00+00:00,ZONE-STARTUP,GATE-03,people_count,294.0
2026-06-23T19:15:00+00:00,ZONE-STARTUP,GATE-03,density_index,1.43
2026-06-23T19:15:00+00:00,ZONE-STARTUP,GATE-03,utilization_m2_pct,23.0
2026-06-23T19:15:00+00:00,ZONE-STARTUP,GATE-03,comfort_index,75.9
2026-06-23T19:30:00+00:00,ZONE-STARTUP,GATE-03,occupancy_pct,22.9
2026-06-23T19:30:00+00:00,ZONE-STARTUP,GATE-03,people_count,275.0
2026-06-23T19:30:00+00:00,ZONE-STARTUP,GATE-03,density_index,1.53
2026-06-23T19:30:00+00:00,ZONE-STARTUP,GATE-03,utilization_m2_pct,21.4
2026-06-23T19:30:00+00:00,ZONE-STARTUP,GATE-03,comfort_index,74.7
2026-06-23T19:45:00+00:00,ZONE-STARTUP,GATE-03,occupancy_pct,19.2
2026-06-23T19:45:00+00:00,ZONE-STARTUP,GATE-03,people_count,231.0
2026-06-23T19:45:00+00:00,ZONE-STARTUP,GATE-03,density_index,0.78
2026-06-23T19:45:00+00:00,ZONE-STARTUP,GATE-03,utilization_m2_pct,16.8
2026-06-23T19:45:00+00:00,ZONE-STARTUP,GATE-03,comfort_index,85.6
2026-06-23T20:00:00+00:00,ZONE-STARTUP,GATE-03,occupancy_pct,17.7
2026-06-23T20:00:00+00:00,ZONE-STARTUP,GATE-03,people_count,213.0
2026-06-23T20:00:00+00:00,ZONE-STARTUP,GATE-03,density_index,0.88
2026-06-23T20:00:00+00:00,ZONE-STARTUP,GATE-03,utilization_m2_pct,15.7
2026-06-23T20:00:00+00:00,ZONE-STARTUP,GATE-03,comfort_index,83.8
2026-06-23T20:15:00+00:00,ZONE-STARTUP,GATE-03,occupancy_pct,19.2
2026-06-23T20:15:00+00:00,ZONE-STARTUP,GATE-03,people_count,230.0
2026-06-23T20:15:00+00:00,ZONE-STARTUP,GATE-03,density_index,0.99
2026-06-23T20:15:00+00:00,ZONE-STARTUP,GATE-03,utilization_m2_pct,18.3
2026-06-23T20:15:00+00:00,ZONE-STARTUP,GATE-03,comfort_index,86.5
2026-06-23T20:30:00+00:00,ZONE-STARTUP,GATE-03,occupancy_pct,12.9
2026-06-23T20:30:00+00:00,ZONE-STARTUP,GATE-03,people_count,155.0
2026-06-23T20:30:00+00:00,ZONE-STARTUP,GATE-03,density_index,0.94
2026-06-23T20:30:00+00:00,ZONE-STARTUP,GATE-03,utilization_m2_pct,12.1
2026-06-23T20:30:00+00:00,ZONE-STARTUP,GATE-03,comfort_index,87.6
2026-06-23T20:45:00+00:00,ZONE-STARTUP,GATE-03,occupancy_pct,13.5
2026-06-23T20:45:00+00:00,ZONE-STARTUP,GATE-03,people_count,162.0
2026-06-23T20:45:00+00:00,ZONE-STARTUP,GATE-03,density_index,0.5
2026-06-23T20:45:00+00:00,ZONE-STARTUP,GATE-03,utilization_m2_pct,13.3
2026-06-23T20:45:00+00:00,ZONE-STARTUP,GATE-03,comfort_index,93.6
2026-06-23T21:00:00+00:00,ZONE-STARTUP,GATE-03,occupancy_pct,18.8
2026-06-23T21:00:00+00:00,ZONE-STARTUP,GATE-03,people_count,225.0
2026-06-23T21:00:00+00:00,ZONE-STARTUP,GATE-03,density_index,1.06
2026-06-23T21:00:00+00:00,ZONE-STARTUP,GATE-03,utilization_m2_pct,18.6
2026-06-23T21:00:00+00:00,ZONE-STARTUP,GATE-03,comfort_index,79.5
2026-06-23T21:15:00+00:00,ZONE-STARTUP,GATE-03,occupancy_pct,18.4
2026-06-23T21:15:00+00:00,ZONE-STARTUP,GATE-03,people_count,221.0
2026-06-23T21:15:00+00:00,ZONE-STARTUP,GATE-03,density_index,0.78
2026-06-23T21:15:00+00:00,ZONE-STARTUP,GATE-03,utilization_m2_pct,17.1
2026-06-23T21:15:00+00:00,ZONE-STARTUP,GATE-03,comfort_index,86.0
2026-06-23T21:30:00+00:00,ZONE-STARTUP,GATE-03,occupancy_pct,15.1
2026-06-23T21:30:00+00:00,ZONE-STARTUP,GATE-03,people_count,181.0
2026-06-23T21:30:00+00:00,ZONE-STARTUP,GATE-03,density_index,0.56
2026-06-23T21:30:00+00:00,ZONE-STARTUP,GATE-03,utilization_m2_pct,14.4
2026-06-23T21:30:00+00:00,ZONE-STARTUP,GATE-03,comfort_index,91.0
2026-06-23T21:45:00+00:00,ZONE-STARTUP,GATE-03,occupancy_pct,15.1
2026-06-23T21:45:00+00:00,ZONE-STARTUP,GATE-03,people_count,182.0
2026-06-23T21:45:00+00:00,ZONE-STARTUP,GATE-03,density_index,0.88
2026-06-23T21:45:00+00:00,ZONE-STARTUP,GATE-03,utilization_m2_pct,13.1
2026-06-23T21:45:00+00:00,ZONE-STARTUP,GATE-03,comfort_index,85.4
2026-06-23T22:00:00+00:00,ZONE-STARTUP,GATE-03,occupancy_pct,23.1
2026-06-23T22:00:00+00:00,ZONE-STARTUP,GATE-03,people_count,278.0
2026-06-23T22:00:00+00:00,ZONE-STARTUP,GATE-03,density_index,1.32
2026-06-23T22:00:00+00:00,ZONE-STARTUP,GATE-03,utilization_m2_pct,21.0
2026-06-23T22:00:00+00:00,ZONE-STARTUP,GATE-03,comfort_index,84.1
2026-06-23T22:15:00+00:00,ZONE-STARTUP,GATE-03,occupancy_pct,28.8
2026-06-23T22:15:00+00:00,ZONE-STARTUP,GATE-03,people_count,345.0
2026-06-23T22:15:00+00:00,ZONE-STARTUP,GATE-03,density_index,1.47
2026-06-23T22:15:00+00:00,ZONE-STARTUP,GATE-03,utilization_m2_pct,25.2
2026-06-23T22:15:00+00:00,ZONE-STARTUP,GATE-03,comfort_index,71.1
2026-06-23T22:30:00+00:00,ZONE-STARTUP,GATE-03,occupancy_pct,20.1
2026-06-23T22:30:00+00:00,ZONE-STARTUP,GATE-03,people_count,241.0
2026-06-23T22:30:00+00:00,ZONE-STARTUP,GATE-03,density_index,1.08
2026-06-23T22:30:00+00:00,ZONE-STARTUP,GATE-03,utilization_m2_pct,19.4
2026-06-23T22:30:00+00:00,ZONE-STARTUP,GATE-03,comfort_index,83.4
2026-06-23T22:45:00+00:00,ZONE-STARTUP,GATE-03,occupancy_pct,20.9
2026-06-23T22:45:00+00:00,ZONE-STARTUP,GATE-03,people_count,250.0
2026-06-23T22:45:00+00:00,ZONE-STARTUP,GATE-03,density_index,1.09
2026-06-23T22:45:00+00:00,ZONE-STARTUP,GATE-03,utilization_m2_pct,18.8
2026-06-23T22:45:00+00:00,ZONE-STARTUP,GATE-03,comfort_index,78.8
2026-06-23T23:00:00+00:00,ZONE-STARTUP,GATE-03,occupancy_pct,18.0
2026-06-23T23:00:00+00:00,ZONE-STARTUP,GATE-03,people_count,216.0
2026-06-23T23:00:00+00:00,ZONE-STARTUP,GATE-03,density_index,0.77
2026-06-23T23:00:00+00:00,ZONE-STARTUP,GATE-03,utilization_m2_pct,17.8
2026-06-23T23:00:00+00:00,ZONE-STARTUP,GATE-03,comfort_index,88.3
2026-06-23T23:15:00+00:00,ZONE-STARTUP,GATE-03,occupancy_pct,22.0
2026-06-23T23:15:00+00:00,ZONE-STARTUP,GATE-03,people_count,264.0
2026-06-23T23:15:00+00:00,ZONE-STARTUP,GATE-03,density_index,1.02
2026-06-23T23:15:00+00:00,ZONE-STARTUP,GATE-03,utilization_m2_pct,18.7
2026-06-23T23:15:00+00:00,ZONE-STARTUP,GATE-03,comfort_index,82.9
2026-06-23T23:30:00+00:00,ZONE-STARTUP,GATE-03,occupancy_pct,19.2
2026-06-23T23:30:00+00:00,ZONE-STARTUP,GATE-03,people_count,230.0
2026-06-23T23:30:00+00:00,ZONE-STARTUP,GATE-03,density_index,1.24
2026-06-23T23:30:00+00:00,ZONE-STARTUP,GATE-03,utilization_m2_pct,18.3
2026-06-23T23:30:00+00:00,ZONE-STARTUP,GATE-03,comfort_index,82.3
2026-06-23T23:45:00+00:00,ZONE-STARTUP,GATE-03,occupancy_pct,22.3
2026-06-23T23:45:00+00:00,ZONE-STARTUP,GATE-03,people_count,268.0
2026-06-23T23:45:00+00:00,ZONE-STARTUP,GATE-03,density_index,1.0
2026-06-23T23:45:00+00:00,ZONE-STARTUP,GATE-03,utilization_m2_pct,20.3
2026-06-23T23:45:00+00:00,ZONE-STARTUP,GATE-03,comfort_index,81.1
2026-06-23T00:00:00+00:00,ZONE-LAB,GATE-04,occupancy_pct,19.3
2026-06-23T00:00:00+00:00,ZONE-LAB,GATE-04,people_count,77.0
2026-06-23T00:00:00+00:00,ZONE-LAB,GATE-04,density_index,0.52
2026-06-23T00:00:00+00:00,ZONE-LAB,GATE-04,utilization_m2_pct,18.5
2026-06-23T00:00:00+00:00,ZONE-LAB,GATE-04,comfort_index,82.0
2026-06-23T00:15:00+00:00,ZONE-LAB,GATE-04,occupancy_pct,17.6
2026-06-23T00:15:00+00:00,ZONE-LAB,GATE-04,people_count,70.0
2026-06-23T00:15:00+00:00,ZONE-LAB,GATE-04,density_index,0.23
2026-06-23T00:15:00+00:00,ZONE-LAB,GATE-04,utilization_m2_pct,17.4
2026-06-23T00:15:00+00:00,ZONE-LAB,GATE-04,comfort_index,85.6
2026-06-23T00:30:00+00:00,ZONE-LAB,GATE-04,occupancy_pct,19.3
2026-06-23T00:30:00+00:00,ZONE-LAB,GATE-04,people_count,77.0
2026-06-23T00:30:00+00:00,ZONE-LAB,GATE-04,density_index,0.36
2026-06-23T00:30:00+00:00,ZONE-LAB,GATE-04,utilization_m2_pct,18.4
2026-06-23T00:30:00+00:00,ZONE-LAB,GATE-04,comfort_index,87.3
2026-06-23T00:45:00+00:00,ZONE-LAB,GATE-04,occupancy_pct,29.2
2026-06-23T00:45:00+00:00,ZONE-LAB,GATE-04,people_count,117.0
2026-06-23T00:45:00+00:00,ZONE-LAB,GATE-04,density_index,0.77
2026-06-23T00:45:00+00:00,ZONE-LAB,GATE-04,utilization_m2_pct,28.5
2026-06-23T00:45:00+00:00,ZONE-LAB,GATE-04,comfort_index,75.5
2026-06-23T01:00:00+00:00,ZONE-LAB,GATE-04,occupancy_pct,22.6
2026-06-23T01:00:00+00:00,ZONE-LAB,GATE-04,people_count,90.0
2026-06-23T01:00:00+00:00,ZONE-LAB,GATE-04,density_index,0.27
2026-06-23T01:00:00+00:00,ZONE-LAB,GATE-04,utilization_m2_pct,22.5
2026-06-23T01:00:00+00:00,ZONE-LAB,GATE-04,comfort_index,84.0
2026-06-23T01:15:00+00:00,ZONE-LAB,GATE-04,occupancy_pct,25.8
2026-06-23T01:15:00+00:00,ZONE-LAB,GATE-04,people_count,103.0
2026-06-23T01:15:00+00:00,ZONE-LAB,GATE-04,density_index,0.5
2026-06-23T01:15:00+00:00,ZONE-LAB,GATE-04,utilization_m2_pct,25.1
2026-06-23T01:15:00+00:00,ZONE-LAB,GATE-04,comfort_index,83.9
2026-06-23T01:30:00+00:00,ZONE-LAB,GATE-04,occupancy_pct,29.3
2026-06-23T01:30:00+00:00,ZONE-LAB,GATE-04,people_count,117.0
2026-06-23T01:30:00+00:00,ZONE-LAB,GATE-04,density_index,0.88
2026-06-23T01:30:00+00:00,ZONE-LAB,GATE-04,utilization_m2_pct,27.5
2026-06-23T01:30:00+00:00,ZONE-LAB,GATE-04,comfort_index,74.3
2026-06-23T01:45:00+00:00,ZONE-LAB,GATE-04,occupancy_pct,30.0
2026-06-23T01:45:00+00:00,ZONE-LAB,GATE-04,people_count,120.0
2026-06-23T01:45:00+00:00,ZONE-LAB,GATE-04,density_index,0.56
2026-06-23T01:45:00+00:00,ZONE-LAB,GATE-04,utilization_m2_pct,27.6
2026-06-23T01:45:00+00:00,ZONE-LAB,GATE-04,comfort_index,77.9
2026-06-23T02:00:00+00:00,ZONE-LAB,GATE-04,occupancy_pct,30.2
2026-06-23T02:00:00+00:00,ZONE-LAB,GATE-04,people_count,121.0
2026-06-23T02:00:00+00:00,ZONE-LAB,GATE-04,density_index,0.4
2026-06-23T02:00:00+00:00,ZONE-LAB,GATE-04,utilization_m2_pct,27.7
2026-06-23T02:00:00+00:00,ZONE-LAB,GATE-04,comfort_index,77.8
2026-06-23T02:15:00+00:00,ZONE-LAB,GATE-04,occupancy_pct,39.3
2026-06-23T02:15:00+00:00,ZONE-LAB,GATE-04,people_count,157.0
2026-06-23T02:15:00+00:00,ZONE-LAB,GATE-04,density_index,0.9
2026-06-23T02:15:00+00:00,ZONE-LAB,GATE-04,utilization_m2_pct,38.7
2026-06-23T02:15:00+00:00,ZONE-LAB,GATE-04,comfort_index,73.5
2026-06-23T02:30:00+00:00,ZONE-LAB,GATE-04,occupancy_pct,32.3
2026-06-23T02:30:00+00:00,ZONE-LAB,GATE-04,people_count,129.0
2026-06-23T02:30:00+00:00,ZONE-LAB,GATE-04,density_index,1.02
2026-06-23T02:30:00+00:00,ZONE-LAB,GATE-04,utilization_m2_pct,30.4
2026-06-23T02:30:00+00:00,ZONE-LAB,GATE-04,comfort_index,76.3
2026-06-23T02:45:00+00:00,ZONE-LAB,GATE-04,occupancy_pct,30.1
2026-06-23T02:45:00+00:00,ZONE-LAB,GATE-04,people_count,120.0
2026-06-23T02:45:00+00:00,ZONE-LAB,GATE-04,density_index,0.77
2026-06-23T02:45:00+00:00,ZONE-LAB,GATE-04,utilization_m2_pct,26.3
2026-06-23T02:45:00+00:00,ZONE-LAB,GATE-04,comfort_index,77.5
2026-06-23T03:00:00+00:00,ZONE-LAB,GATE-04,occupancy_pct,30.0
2026-06-23T03:00:00+00:00,ZONE-LAB,GATE-04,people_count,120.0
2026-06-23T03:00:00+00:00,ZONE-LAB,GATE-04,density_index,0.7
2026-06-23T03:00:00+00:00,ZONE-LAB,GATE-04,utilization_m2_pct,29.2
2026-06-23T03:00:00+00:00,ZONE-LAB,GATE-04,comfort_index,75.0
2026-06-23T03:15:00+00:00,ZONE-LAB,GATE-04,occupancy_pct,42.3
2026-06-23T03:15:00+00:00,ZONE-LAB,GATE-04,people_count,169.0
2026-06-23T03:15:00+00:00,ZONE-LAB,GATE-04,density_index,1.14
2026-06-23T03:15:00+00:00,ZONE-LAB,GATE-04,utilization_m2_pct,41.0
2026-06-23T03:15:00+00:00,ZONE-LAB,GATE-04,comfort_index,72.0
2026-06-23T03:30:00+00:00,ZONE-LAB,GATE-04,occupancy_pct,37.4
2026-06-23T03:30:00+00:00,ZONE-LAB,GATE-04,people_count,150.0
2026-06-23T03:30:00+00:00,ZONE-LAB,GATE-04,density_index,0.87
2026-06-23T03:30:00+00:00,ZONE-LAB,GATE-04,utilization_m2_pct,35.7
2026-06-23T03:30:00+00:00,ZONE-LAB,GATE-04,comfort_index,71.4
2026-06-23T03:45:00+00:00,ZONE-LAB,GATE-04,occupancy_pct,38.6
2026-06-23T03:45:00+00:00,ZONE-LAB,GATE-04,people_count,155.0
2026-06-23T03:45:00+00:00,ZONE-LAB,GATE-04,density_index,0.71
2026-06-23T03:45:00+00:00,ZONE-LAB,GATE-04,utilization_m2_pct,33.6
2026-06-23T03:45:00+00:00,ZONE-LAB,GATE-04,comfort_index,71.2
2026-06-23T04:00:00+00:00,ZONE-LAB,GATE-04,occupancy_pct,36.6
2026-06-23T04:00:00+00:00,ZONE-LAB,GATE-04,people_count,146.0
2026-06-23T04:00:00+00:00,ZONE-LAB,GATE-04,density_index,1.19
2026-06-23T04:00:00+00:00,ZONE-LAB,GATE-04,utilization_m2_pct,32.5
2026-06-23T04:00:00+00:00,ZONE-LAB,GATE-04,comfort_index,73.4
2026-06-23T04:15:00+00:00,ZONE-LAB,GATE-04,occupancy_pct,40.8
2026-06-23T04:15:00+00:00,ZONE-LAB,GATE-04,people_count,163.0
2026-06-23T04:15:00+00:00,ZONE-LAB,GATE-04,density_index,1.13
2026-06-23T04:15:00+00:00,ZONE-LAB,GATE-04,utilization_m2_pct,38.0
2026-06-23T04:15:00+00:00,ZONE-LAB,GATE-04,comfort_index,67.9
2026-06-23T04:30:00+00:00,ZONE-LAB,GATE-04,occupancy_pct,33.2
2026-06-23T04:30:00+00:00,ZONE-LAB,GATE-04,people_count,133.0
2026-06-23T04:30:00+00:00,ZONE-LAB,GATE-04,density_index,0.78
2026-06-23T04:30:00+00:00,ZONE-LAB,GATE-04,utilization_m2_pct,33.1
2026-06-23T04:30:00+00:00,ZONE-LAB,GATE-04,comfort_index,70.3
2026-06-23T04:45:00+00:00,ZONE-LAB,GATE-04,occupancy_pct,41.0
2026-06-23T04:45:00+00:00,ZONE-LAB,GATE-04,people_count,164.0
2026-06-23T04:45:00+00:00,ZONE-LAB,GATE-04,density_index,1.44
2026-06-23T04:45:00+00:00,ZONE-LAB,GATE-04,utilization_m2_pct,35.5
2026-06-23T04:45:00+00:00,ZONE-LAB,GATE-04,comfort_index,66.1
2026-06-23T05:00:00+00:00,ZONE-LAB,GATE-04,occupancy_pct,36.4
2026-06-23T05:00:00+00:00,ZONE-LAB,GATE-04,people_count,146.0
2026-06-23T05:00:00+00:00,ZONE-LAB,GATE-04,density_index,0.84
2026-06-23T05:00:00+00:00,ZONE-LAB,GATE-04,utilization_m2_pct,34.6
2026-06-23T05:00:00+00:00,ZONE-LAB,GATE-04,comfort_index,71.3
2026-06-23T05:15:00+00:00,ZONE-LAB,GATE-04,occupancy_pct,39.6
2026-06-23T05:15:00+00:00,ZONE-LAB,GATE-04,people_count,158.0
2026-06-23T05:15:00+00:00,ZONE-LAB,GATE-04,density_index,0.76
2026-06-23T05:15:00+00:00,ZONE-LAB,GATE-04,utilization_m2_pct,36.8
2026-06-23T05:15:00+00:00,ZONE-LAB,GATE-04,comfort_index,75.1
2026-06-23T05:30:00+00:00,ZONE-LAB,GATE-04,occupancy_pct,37.8
2026-06-23T05:30:00+00:00,ZONE-LAB,GATE-04,people_count,151.0
2026-06-23T05:30:00+00:00,ZONE-LAB,GATE-04,density_index,1.18
2026-06-23T05:30:00+00:00,ZONE-LAB,GATE-04,utilization_m2_pct,35.2
2026-06-23T05:30:00+00:00,ZONE-LAB,GATE-04,comfort_index,73.6
2026-06-23T05:45:00+00:00,ZONE-LAB,GATE-04,occupancy_pct,35.5
2026-06-23T05:45:00+00:00,ZONE-LAB,GATE-04,people_count,142.0
2026-06-23T05:45:00+00:00,ZONE-LAB,GATE-04,density_index,0.88
2026-06-23T05:45:00+00:00,ZONE-LAB,GATE-04,utilization_m2_pct,31.0
2026-06-23T05:45:00+00:00,ZONE-LAB,GATE-04,comfort_index,80.3
2026-06-23T06:00:00+00:00,ZONE-LAB,GATE-04,occupancy_pct,45.9
2026-06-23T06:00:00+00:00,ZONE-LAB,GATE-04,people_count,184.0
2026-06-23T06:00:00+00:00,ZONE-LAB,GATE-04,density_index,1.36
2026-06-23T06:00:00+00:00,ZONE-LAB,GATE-04,utilization_m2_pct,42.3
2026-06-23T06:00:00+00:00,ZONE-LAB,GATE-04,comfort_index,67.4
2026-06-23T06:15:00+00:00,ZONE-LAB,GATE-04,occupancy_pct,41.5
2026-06-23T06:15:00+00:00,ZONE-LAB,GATE-04,people_count,166.0
2026-06-23T06:15:00+00:00,ZONE-LAB,GATE-04,density_index,0.84
2026-06-23T06:15:00+00:00,ZONE-LAB,GATE-04,utilization_m2_pct,37.5
2026-06-23T06:15:00+00:00,ZONE-LAB,GATE-04,comfort_index,74.6
2026-06-23T06:30:00+00:00,ZONE-LAB,GATE-04,occupancy_pct,47.6
2026-06-23T06:30:00+00:00,ZONE-LAB,GATE-04,people_count,190.0
2026-06-23T06:30:00+00:00,ZONE-LAB,GATE-04,density_index,1.38
2026-06-23T06:30:00+00:00,ZONE-LAB,GATE-04,utilization_m2_pct,41.8
2026-06-23T06:30:00+00:00,ZONE-LAB,GATE-04,comfort_index,67.9
2026-06-23T06:45:00+00:00,ZONE-LAB,GATE-04,occupancy_pct,42.9
2026-06-23T06:45:00+00:00,ZONE-LAB,GATE-04,people_count,171.0
2026-06-23T06:45:00+00:00,ZONE-LAB,GATE-04,density_index,1.01
2026-06-23T06:45:00+00:00,ZONE-LAB,GATE-04,utilization_m2_pct,42.0
2026-06-23T06:45:00+00:00,ZONE-LAB,GATE-04,comfort_index,68.5
2026-06-23T07:00:00+00:00,ZONE-LAB,GATE-04,occupancy_pct,51.5
2026-06-23T07:00:00+00:00,ZONE-LAB,GATE-04,people_count,206.0
2026-06-23T07:00:00+00:00,ZONE-LAB,GATE-04,density_index,1.63
2026-06-23T07:00:00+00:00,ZONE-LAB,GATE-04,utilization_m2_pct,45.9
2026-06-23T07:00:00+00:00,ZONE-LAB,GATE-04,comfort_index,62.3
2026-06-23T07:15:00+00:00,ZONE-LAB,GATE-04,occupancy_pct,42.5
2026-06-23T07:15:00+00:00,ZONE-LAB,GATE-04,people_count,170.0
2026-06-23T07:15:00+00:00,ZONE-LAB,GATE-04,density_index,1.03
2026-06-23T07:15:00+00:00,ZONE-LAB,GATE-04,utilization_m2_pct,40.2
2026-06-23T07:15:00+00:00,ZONE-LAB,GATE-04,comfort_index,69.5
2026-06-23T07:30:00+00:00,ZONE-LAB,GATE-04,occupancy_pct,51.5
2026-06-23T07:30:00+00:00,ZONE-LAB,GATE-04,people_count,206.0
2026-06-23T07:30:00+00:00,ZONE-LAB,GATE-04,density_index,1.32
2026-06-23T07:30:00+00:00,ZONE-LAB,GATE-04,utilization_m2_pct,47.9
2026-06-23T07:30:00+00:00,ZONE-LAB,GATE-04,comfort_index,62.7
2026-06-23T07:45:00+00:00,ZONE-LAB,GATE-04,occupancy_pct,45.9
2026-06-23T07:45:00+00:00,ZONE-LAB,GATE-04,people_count,184.0
2026-06-23T07:45:00+00:00,ZONE-LAB,GATE-04,density_index,1.12
2026-06-23T07:45:00+00:00,ZONE-LAB,GATE-04,utilization_m2_pct,45.4
2026-06-23T07:45:00+00:00,ZONE-LAB,GATE-04,comfort_index,64.2
2026-06-23T08:00:00+00:00,ZONE-LAB,GATE-04,occupancy_pct,47.5
2026-06-23T08:00:00+00:00,ZONE-LAB,GATE-04,people_count,190.0
2026-06-23T08:00:00+00:00,ZONE-LAB,GATE-04,density_index,1.34
2026-06-23T08:00:00+00:00,ZONE-LAB,GATE-04,utilization_m2_pct,47.4
2026-06-23T08:00:00+00:00,ZONE-LAB,GATE-04,comfort_index,64.8
2026-06-23T08:15:00+00:00,ZONE-LAB,GATE-04,occupancy_pct,39.7
2026-06-23T08:15:00+00:00,ZONE-LAB,GATE-04,people_count,159.0
2026-06-23T08:15:00+00:00,ZONE-LAB,GATE-04,density_index,0.71
2026-06-23T08:15:00+00:00,ZONE-LAB,GATE-04,utilization_m2_pct,38.7
2026-06-23T08:15:00+00:00,ZONE-LAB,GATE-04,comfort_index,80.8
2026-06-23T08:30:00+00:00,ZONE-LAB,GATE-04,occupancy_pct,48.5
2026-06-23T08:30:00+00:00,ZONE-LAB,GATE-04,people_count,194.0
2026-06-23T08:30:00+00:00,ZONE-LAB,GATE-04,density_index,1.75
2026-06-23T08:30:00+00:00,ZONE-LAB,GATE-04,utilization_m2_pct,44.5
2026-06-23T08:30:00+00:00,ZONE-LAB,GATE-04,comfort_index,63.7
2026-06-23T08:45:00+00:00,ZONE-LAB,GATE-04,occupancy_pct,56.4
2026-06-23T08:45:00+00:00,ZONE-LAB,GATE-04,people_count,225.0
2026-06-23T08:45:00+00:00,ZONE-LAB,GATE-04,density_index,1.58
2026-06-23T08:45:00+00:00,ZONE-LAB,GATE-04,utilization_m2_pct,48.9
2026-06-23T08:45:00+00:00,ZONE-LAB,GATE-04,comfort_index,54.2
2026-06-23T09:00:00+00:00,ZONE-LAB,GATE-04,occupancy_pct,57.5
2026-06-23T09:00:00+00:00,ZONE-LAB,GATE-04,people_count,230.0
2026-06-23T09:00:00+00:00,ZONE-LAB,GATE-04,density_index,1.49
2026-06-23T09:00:00+00:00,ZONE-LAB,GATE-04,utilization_m2_pct,56.8
2026-06-23T09:00:00+00:00,ZONE-LAB,GATE-04,comfort_index,60.7
2026-06-23T09:15:00+00:00,ZONE-LAB,GATE-04,occupancy_pct,49.1
2026-06-23T09:15:00+00:00,ZONE-LAB,GATE-04,people_count,196.0
2026-06-23T09:15:00+00:00,ZONE-LAB,GATE-04,density_index,1.35
2026-06-23T09:15:00+00:00,ZONE-LAB,GATE-04,utilization_m2_pct,47.3
2026-06-23T09:15:00+00:00,ZONE-LAB,GATE-04,comfort_index,61.5
2026-06-23T09:30:00+00:00,ZONE-LAB,GATE-04,occupancy_pct,46.2
2026-06-23T09:30:00+00:00,ZONE-LAB,GATE-04,people_count,185.0
2026-06-23T09:30:00+00:00,ZONE-LAB,GATE-04,density_index,1.09
2026-06-23T09:30:00+00:00,ZONE-LAB,GATE-04,utilization_m2_pct,43.1
2026-06-23T09:30:00+00:00,ZONE-LAB,GATE-04,comfort_index,70.8
2026-06-23T09:45:00+00:00,ZONE-LAB,GATE-04,occupancy_pct,49.4
2026-06-23T09:45:00+00:00,ZONE-LAB,GATE-04,people_count,198.0
2026-06-23T09:45:00+00:00,ZONE-LAB,GATE-04,density_index,1.2
2026-06-23T09:45:00+00:00,ZONE-LAB,GATE-04,utilization_m2_pct,45.4
2026-06-23T09:45:00+00:00,ZONE-LAB,GATE-04,comfort_index,64.7
2026-06-23T10:00:00+00:00,ZONE-LAB,GATE-04,occupancy_pct,54.3
2026-06-23T10:00:00+00:00,ZONE-LAB,GATE-04,people_count,217.0
2026-06-23T10:00:00+00:00,ZONE-LAB,GATE-04,density_index,1.36
2026-06-23T10:00:00+00:00,ZONE-LAB,GATE-04,utilization_m2_pct,50.5
2026-06-23T10:00:00+00:00,ZONE-LAB,GATE-04,comfort_index,65.4
2026-06-23T10:15:00+00:00,ZONE-LAB,GATE-04,occupancy_pct,48.7
2026-06-23T10:15:00+00:00,ZONE-LAB,GATE-04,people_count,195.0
2026-06-23T10:15:00+00:00,ZONE-LAB,GATE-04,density_index,1.39
2026-06-23T10:15:00+00:00,ZONE-LAB,GATE-04,utilization_m2_pct,46.4
2026-06-23T10:15:00+00:00,ZONE-LAB,GATE-04,comfort_index,60.9
2026-06-23T10:30:00+00:00,ZONE-LAB,GATE-04,occupancy_pct,52.2
2026-06-23T10:30:00+00:00,ZONE-LAB,GATE-04,people_count,209.0
2026-06-23T10:30:00+00:00,ZONE-LAB,GATE-04,density_index,0.96
2026-06-23T10:30:00+00:00,ZONE-LAB,GATE-04,utilization_m2_pct,48.6
2026-06-23T10:30:00+00:00,ZONE-LAB,GATE-04,comfort_index,66.6
2026-06-23T10:45:00+00:00,ZONE-LAB,GATE-04,occupancy_pct,50.0
2026-06-23T10:45:00+00:00,ZONE-LAB,GATE-04,people_count,200.0
2026-06-23T10:45:00+00:00,ZONE-LAB,GATE-04,density_index,1.27
2026-06-23T10:45:00+00:00,ZONE-LAB,GATE-04,utilization_m2_pct,44.7
2026-06-23T10:45:00+00:00,ZONE-LAB,GATE-04,comfort_index,63.5
2026-06-23T11:00:00+00:00,ZONE-LAB,GATE-04,occupancy_pct,48.6
2026-06-23T11:00:00+00:00,ZONE-LAB,GATE-04,people_count,194.0
2026-06-23T11:00:00+00:00,ZONE-LAB,GATE-04,density_index,1.32
2026-06-23T11:00:00+00:00,ZONE-LAB,GATE-04,utilization_m2_pct,44.3
2026-06-23T11:00:00+00:00,ZONE-LAB,GATE-04,comfort_index,67.6
2026-06-23T11:15:00+00:00,ZONE-LAB,GATE-04,occupancy_pct,44.3
2026-06-23T11:15:00+00:00,ZONE-LAB,GATE-04,people_count,177.0
2026-06-23T11:15:00+00:00,ZONE-LAB,GATE-04,density_index,1.5
2026-06-23T11:15:00+00:00,ZONE-LAB,GATE-04,utilization_m2_pct,43.9
2026-06-23T11:15:00+00:00,ZONE-LAB,GATE-04,comfort_index,65.5
2026-06-23T11:30:00+00:00,ZONE-LAB,GATE-04,occupancy_pct,47.3
2026-06-23T11:30:00+00:00,ZONE-LAB,GATE-04,people_count,189.0
2026-06-23T11:30:00+00:00,ZONE-LAB,GATE-04,density_index,1.7
2026-06-23T11:30:00+00:00,ZONE-LAB,GATE-04,utilization_m2_pct,46.9
2026-06-23T11:30:00+00:00,ZONE-LAB,GATE-04,comfort_index,62.5
2026-06-23T11:45:00+00:00,ZONE-LAB,GATE-04,occupancy_pct,51.8
2026-06-23T11:45:00+00:00,ZONE-LAB,GATE-04,people_count,207.0
2026-06-23T11:45:00+00:00,ZONE-LAB,GATE-04,density_index,1.65
2026-06-23T11:45:00+00:00,ZONE-LAB,GATE-04,utilization_m2_pct,49.5
2026-06-23T11:45:00+00:00,ZONE-LAB,GATE-04,comfort_index,56.7
2026-06-23T12:00:00+00:00,ZONE-LAB,GATE-04,occupancy_pct,51.2
2026-06-23T12:00:00+00:00,ZONE-LAB,GATE-04,people_count,205.0
2026-06-23T12:00:00+00:00,ZONE-LAB,GATE-04,density_index,1.21
2026-06-23T12:00:00+00:00,ZONE-LAB,GATE-04,utilization_m2_pct,51.0
2026-06-23T12:00:00+00:00,ZONE-LAB,GATE-04,comfort_index,63.7
2026-06-23T12:15:00+00:00,ZONE-LAB,GATE-04,occupancy_pct,53.7
2026-06-23T12:15:00+00:00,ZONE-LAB,GATE-04,people_count,215.0
2026-06-23T12:15:00+00:00,ZONE-LAB,GATE-04,density_index,1.45
2026-06-23T12:15:00+00:00,ZONE-LAB,GATE-04,utilization_m2_pct,46.2
2026-06-23T12:15:00+00:00,ZONE-LAB,GATE-04,comfort_index,60.6
2026-06-23T12:30:00+00:00,ZONE-LAB,GATE-04,occupancy_pct,40.3
2026-06-23T12:30:00+00:00,ZONE-LAB,GATE-04,people_count,161.0
2026-06-23T12:30:00+00:00,ZONE-LAB,GATE-04,density_index,1.0
2026-06-23T12:30:00+00:00,ZONE-LAB,GATE-04,utilization_m2_pct,39.5
2026-06-23T12:30:00+00:00,ZONE-LAB,GATE-04,comfort_index,68.4
2026-06-23T12:45:00+00:00,ZONE-LAB,GATE-04,occupancy_pct,44.7
2026-06-23T12:45:00+00:00,ZONE-LAB,GATE-04,people_count,179.0
2026-06-23T12:45:00+00:00,ZONE-LAB,GATE-04,density_index,1.4
2026-06-23T12:45:00+00:00,ZONE-LAB,GATE-04,utilization_m2_pct,43.3
2026-06-23T12:45:00+00:00,ZONE-LAB,GATE-04,comfort_index,64.4
2026-06-23T13:00:00+00:00,ZONE-LAB,GATE-04,occupancy_pct,49.2
2026-06-23T13:00:00+00:00,ZONE-LAB,GATE-04,people_count,197.0
2026-06-23T13:00:00+00:00,ZONE-LAB,GATE-04,density_index,1.28
2026-06-23T13:00:00+00:00,ZONE-LAB,GATE-04,utilization_m2_pct,44.6
2026-06-23T13:00:00+00:00,ZONE-LAB,GATE-04,comfort_index,66.8
2026-06-23T13:15:00+00:00,ZONE-LAB,GATE-04,occupancy_pct,41.9
2026-06-23T13:15:00+00:00,ZONE-LAB,GATE-04,people_count,168.0
2026-06-23T13:15:00+00:00,ZONE-LAB,GATE-04,density_index,1.15
2026-06-23T13:15:00+00:00,ZONE-LAB,GATE-04,utilization_m2_pct,40.7
2026-06-23T13:15:00+00:00,ZONE-LAB,GATE-04,comfort_index,68.8
2026-06-23T13:30:00+00:00,ZONE-LAB,GATE-04,occupancy_pct,42.2
2026-06-23T13:30:00+00:00,ZONE-LAB,GATE-04,people_count,169.0
2026-06-23T13:30:00+00:00,ZONE-LAB,GATE-04,density_index,0.88
2026-06-23T13:30:00+00:00,ZONE-LAB,GATE-04,utilization_m2_pct,36.8
2026-06-23T13:30:00+00:00,ZONE-LAB,GATE-04,comfort_index,66.8
2026-06-23T13:45:00+00:00,ZONE-LAB,GATE-04,occupancy_pct,52.1
2026-06-23T13:45:00+00:00,ZONE-LAB,GATE-04,people_count,208.0
2026-06-23T13:45:00+00:00,ZONE-LAB,GATE-04,density_index,1.03
2026-06-23T13:45:00+00:00,ZONE-LAB,GATE-04,utilization_m2_pct,47.0
2026-06-23T13:45:00+00:00,ZONE-LAB,GATE-04,comfort_index,67.4
2026-06-23T14:00:00+00:00,ZONE-LAB,GATE-04,occupancy_pct,39.4
2026-06-23T14:00:00+00:00,ZONE-LAB,GATE-04,people_count,158.0
2026-06-23T14:00:00+00:00,ZONE-LAB,GATE-04,density_index,0.85
2026-06-23T14:00:00+00:00,ZONE-LAB,GATE-04,utilization_m2_pct,34.6
2026-06-23T14:00:00+00:00,ZONE-LAB,GATE-04,comfort_index,73.0
2026-06-23T14:15:00+00:00,ZONE-LAB,GATE-04,occupancy_pct,41.2
2026-06-23T14:15:00+00:00,ZONE-LAB,GATE-04,people_count,165.0
2026-06-23T14:15:00+00:00,ZONE-LAB,GATE-04,density_index,1.17
2026-06-23T14:15:00+00:00,ZONE-LAB,GATE-04,utilization_m2_pct,37.4
2026-06-23T14:15:00+00:00,ZONE-LAB,GATE-04,comfort_index,71.1
2026-06-23T14:30:00+00:00,ZONE-LAB,GATE-04,occupancy_pct,42.4
2026-06-23T14:30:00+00:00,ZONE-LAB,GATE-04,people_count,170.0
2026-06-23T14:30:00+00:00,ZONE-LAB,GATE-04,density_index,1.13
2026-06-23T14:30:00+00:00,ZONE-LAB,GATE-04,utilization_m2_pct,40.5
2026-06-23T14:30:00+00:00,ZONE-LAB,GATE-04,comfort_index,67.4
2026-06-23T14:45:00+00:00,ZONE-LAB,GATE-04,occupancy_pct,36.1
2026-06-23T14:45:00+00:00,ZONE-LAB,GATE-04,people_count,145.0
2026-06-23T14:45:00+00:00,ZONE-LAB,GATE-04,density_index,1.19
2026-06-23T14:45:00+00:00,ZONE-LAB,GATE-04,utilization_m2_pct,34.6
2026-06-23T14:45:00+00:00,ZONE-LAB,GATE-04,comfort_index,72.9
2026-06-23T15:00:00+00:00,ZONE-LAB,GATE-04,occupancy_pct,41.4
2026-06-23T15:00:00+00:00,ZONE-LAB,GATE-04,people_count,166.0
2026-06-23T15:00:00+00:00,ZONE-LAB,GATE-04,density_index,1.25
2026-06-23T15:00:00+00:00,ZONE-LAB,GATE-04,utilization_m2_pct,36.4
2026-06-23T15:00:00+00:00,ZONE-LAB,GATE-04,comfort_index,74.4
2026-06-23T15:15:00+00:00,ZONE-LAB,GATE-04,occupancy_pct,42.0
2026-06-23T15:15:00+00:00,ZONE-LAB,GATE-04,people_count,168.0
2026-06-23T15:15:00+00:00,ZONE-LAB,GATE-04,density_index,1.05
2026-06-23T15:15:00+00:00,ZONE-LAB,GATE-04,utilization_m2_pct,38.5
2026-06-23T15:15:00+00:00,ZONE-LAB,GATE-04,comfort_index,67.6
2026-06-23T15:30:00+00:00,ZONE-LAB,GATE-04,occupancy_pct,43.6
2026-06-23T15:30:00+00:00,ZONE-LAB,GATE-04,people_count,175.0
2026-06-23T15:30:00+00:00,ZONE-LAB,GATE-04,density_index,1.49
2026-06-23T15:30:00+00:00,ZONE-LAB,GATE-04,utilization_m2_pct,43.5
2026-06-23T15:30:00+00:00,ZONE-LAB,GATE-04,comfort_index,64.4
2026-06-23T15:45:00+00:00,ZONE-LAB,GATE-04,occupancy_pct,38.1
2026-06-23T15:45:00+00:00,ZONE-LAB,GATE-04,people_count,152.0
2026-06-23T15:45:00+00:00,ZONE-LAB,GATE-04,density_index,1.05
2026-06-23T15:45:00+00:00,ZONE-LAB,GATE-04,utilization_m2_pct,37.5
2026-06-23T15:45:00+00:00,ZONE-LAB,GATE-04,comfort_index,75.6
2026-06-23T16:00:00+00:00,ZONE-LAB,GATE-04,occupancy_pct,40.0
2026-06-23T16:00:00+00:00,ZONE-LAB,GATE-04,people_count,160.0
2026-06-23T16:00:00+00:00,ZONE-LAB,GATE-04,density_index,1.3
2026-06-23T16:00:00+00:00,ZONE-LAB,GATE-04,utilization_m2_pct,36.7
2026-06-23T16:00:00+00:00,ZONE-LAB,GATE-04,comfort_index,70.6
2026-06-23T16:15:00+00:00,ZONE-LAB,GATE-04,occupancy_pct,46.1
2026-06-23T16:15:00+00:00,ZONE-LAB,GATE-04,people_count,184.0
2026-06-23T16:15:00+00:00,ZONE-LAB,GATE-04,density_index,1.2
2026-06-23T16:15:00+00:00,ZONE-LAB,GATE-04,utilization_m2_pct,43.0
2026-06-23T16:15:00+00:00,ZONE-LAB,GATE-04,comfort_index,72.1
2026-06-23T16:30:00+00:00,ZONE-LAB,GATE-04,occupancy_pct,31.8
2026-06-23T16:30:00+00:00,ZONE-LAB,GATE-04,people_count,127.0
2026-06-23T16:30:00+00:00,ZONE-LAB,GATE-04,density_index,1.17
2026-06-23T16:30:00+00:00,ZONE-LAB,GATE-04,utilization_m2_pct,29.2
2026-06-23T16:30:00+00:00,ZONE-LAB,GATE-04,comfort_index,76.1
2026-06-23T16:45:00+00:00,ZONE-LAB,GATE-04,occupancy_pct,31.8
2026-06-23T16:45:00+00:00,ZONE-LAB,GATE-04,people_count,127.0
2026-06-23T16:45:00+00:00,ZONE-LAB,GATE-04,density_index,0.52
2026-06-23T16:45:00+00:00,ZONE-LAB,GATE-04,utilization_m2_pct,29.0
2026-06-23T16:45:00+00:00,ZONE-LAB,GATE-04,comfort_index,81.9
2026-06-23T17:00:00+00:00,ZONE-LAB,GATE-04,occupancy_pct,31.1
2026-06-23T17:00:00+00:00,ZONE-LAB,GATE-04,people_count,124.0
2026-06-23T17:00:00+00:00,ZONE-LAB,GATE-04,density_index,0.53
2026-06-23T17:00:00+00:00,ZONE-LAB,GATE-04,utilization_m2_pct,29.1
2026-06-23T17:00:00+00:00,ZONE-LAB,GATE-04,comfort_index,76.9
2026-06-23T17:15:00+00:00,ZONE-LAB,GATE-04,occupancy_pct,29.6
2026-06-23T17:15:00+00:00,ZONE-LAB,GATE-04,people_count,118.0
2026-06-23T17:15:00+00:00,ZONE-LAB,GATE-04,density_index,0.55
2026-06-23T17:15:00+00:00,ZONE-LAB,GATE-04,utilization_m2_pct,26.1
2026-06-23T17:15:00+00:00,ZONE-LAB,GATE-04,comfort_index,82.7
2026-06-23T17:30:00+00:00,ZONE-LAB,GATE-04,occupancy_pct,36.7
2026-06-23T17:30:00+00:00,ZONE-LAB,GATE-04,people_count,147.0
2026-06-23T17:30:00+00:00,ZONE-LAB,GATE-04,density_index,1.3
2026-06-23T17:30:00+00:00,ZONE-LAB,GATE-04,utilization_m2_pct,32.6
2026-06-23T17:30:00+00:00,ZONE-LAB,GATE-04,comfort_index,73.4
2026-06-23T17:45:00+00:00,ZONE-LAB,GATE-04,occupancy_pct,34.5
2026-06-23T17:45:00+00:00,ZONE-LAB,GATE-04,people_count,138.0
2026-06-23T17:45:00+00:00,ZONE-LAB,GATE-04,density_index,0.98
2026-06-23T17:45:00+00:00,ZONE-LAB,GATE-04,utilization_m2_pct,30.6
2026-06-23T17:45:00+00:00,ZONE-LAB,GATE-04,comfort_index,76.4
2026-06-23T18:00:00+00:00,ZONE-LAB,GATE-04,occupancy_pct,21.7
2026-06-23T18:00:00+00:00,ZONE-LAB,GATE-04,people_count,87.0
2026-06-23T18:00:00+00:00,ZONE-LAB,GATE-04,density_index,0.54
2026-06-23T18:00:00+00:00,ZONE-LAB,GATE-04,utilization_m2_pct,20.7
2026-06-23T18:00:00+00:00,ZONE-LAB,GATE-04,comfort_index,85.4
2026-06-23T18:15:00+00:00,ZONE-LAB,GATE-04,occupancy_pct,32.0
2026-06-23T18:15:00+00:00,ZONE-LAB,GATE-04,people_count,128.0
2026-06-23T18:15:00+00:00,ZONE-LAB,GATE-04,density_index,0.99
2026-06-23T18:15:00+00:00,ZONE-LAB,GATE-04,utilization_m2_pct,30.8
2026-06-23T18:15:00+00:00,ZONE-LAB,GATE-04,comfort_index,77.6
2026-06-23T18:30:00+00:00,ZONE-LAB,GATE-04,occupancy_pct,28.5
2026-06-23T18:30:00+00:00,ZONE-LAB,GATE-04,people_count,114.0
2026-06-23T18:30:00+00:00,ZONE-LAB,GATE-04,density_index,0.55
2026-06-23T18:30:00+00:00,ZONE-LAB,GATE-04,utilization_m2_pct,26.7
2026-06-23T18:30:00+00:00,ZONE-LAB,GATE-04,comfort_index,78.4
2026-06-23T18:45:00+00:00,ZONE-LAB,GATE-04,occupancy_pct,25.1
2026-06-23T18:45:00+00:00,ZONE-LAB,GATE-04,people_count,100.0
2026-06-23T18:45:00+00:00,ZONE-LAB,GATE-04,density_index,0.81
2026-06-23T18:45:00+00:00,ZONE-LAB,GATE-04,utilization_m2_pct,23.9
2026-06-23T18:45:00+00:00,ZONE-LAB,GATE-04,comfort_index,79.9
2026-06-23T19:00:00+00:00,ZONE-LAB,GATE-04,occupancy_pct,27.3
2026-06-23T19:00:00+00:00,ZONE-LAB,GATE-04,people_count,109.0
2026-06-23T19:00:00+00:00,ZONE-LAB,GATE-04,density_index,0.99
2026-06-23T19:00:00+00:00,ZONE-LAB,GATE-04,utilization_m2_pct,24.4
2026-06-23T19:00:00+00:00,ZONE-LAB,GATE-04,comfort_index,77.6
2026-06-23T19:15:00+00:00,ZONE-LAB,GATE-04,occupancy_pct,25.3
2026-06-23T19:15:00+00:00,ZONE-LAB,GATE-04,people_count,101.0
2026-06-23T19:15:00+00:00,ZONE-LAB,GATE-04,density_index,1.17
2026-06-23T19:15:00+00:00,ZONE-LAB,GATE-04,utilization_m2_pct,22.3
2026-06-23T19:15:00+00:00,ZONE-LAB,GATE-04,comfort_index,78.1
2026-06-23T19:30:00+00:00,ZONE-LAB,GATE-04,occupancy_pct,18.0
2026-06-23T19:30:00+00:00,ZONE-LAB,GATE-04,people_count,72.0
2026-06-23T19:30:00+00:00,ZONE-LAB,GATE-04,density_index,0.47
2026-06-23T19:30:00+00:00,ZONE-LAB,GATE-04,utilization_m2_pct,15.4
2026-06-23T19:30:00+00:00,ZONE-LAB,GATE-04,comfort_index,92.1
2026-06-23T19:45:00+00:00,ZONE-LAB,GATE-04,occupancy_pct,19.5
2026-06-23T19:45:00+00:00,ZONE-LAB,GATE-04,people_count,78.0
2026-06-23T19:45:00+00:00,ZONE-LAB,GATE-04,density_index,0.76
2026-06-23T19:45:00+00:00,ZONE-LAB,GATE-04,utilization_m2_pct,16.6
2026-06-23T19:45:00+00:00,ZONE-LAB,GATE-04,comfort_index,86.2
2026-06-23T20:00:00+00:00,ZONE-LAB,GATE-04,occupancy_pct,17.9
2026-06-23T20:00:00+00:00,ZONE-LAB,GATE-04,people_count,72.0
2026-06-23T20:00:00+00:00,ZONE-LAB,GATE-04,density_index,0.59
2026-06-23T20:00:00+00:00,ZONE-LAB,GATE-04,utilization_m2_pct,15.7
2026-06-23T20:00:00+00:00,ZONE-LAB,GATE-04,comfort_index,90.1
2026-06-23T20:15:00+00:00,ZONE-LAB,GATE-04,occupancy_pct,30.5
2026-06-23T20:15:00+00:00,ZONE-LAB,GATE-04,people_count,122.0
2026-06-23T20:15:00+00:00,ZONE-LAB,GATE-04,density_index,0.8
2026-06-23T20:15:00+00:00,ZONE-LAB,GATE-04,utilization_m2_pct,26.6
2026-06-23T20:15:00+00:00,ZONE-LAB,GATE-04,comfort_index,70.7
2026-06-23T20:30:00+00:00,ZONE-LAB,GATE-04,occupancy_pct,17.9
2026-06-23T20:30:00+00:00,ZONE-LAB,GATE-04,people_count,72.0
2026-06-23T20:30:00+00:00,ZONE-LAB,GATE-04,density_index,0.56
2026-06-23T20:30:00+00:00,ZONE-LAB,GATE-04,utilization_m2_pct,16.6
2026-06-23T20:30:00+00:00,ZONE-LAB,GATE-04,comfort_index,85.2
2026-06-23T20:45:00+00:00,ZONE-LAB,GATE-04,occupancy_pct,21.4
2026-06-23T20:45:00+00:00,ZONE-LAB,GATE-04,people_count,86.0
2026-06-23T20:45:00+00:00,ZONE-LAB,GATE-04,density_index,0.5
2026-06-23T20:45:00+00:00,ZONE-LAB,GATE-04,utilization_m2_pct,19.3
2026-06-23T20:45:00+00:00,ZONE-LAB,GATE-04,comfort_index,84.0
2026-06-23T21:00:00+00:00,ZONE-LAB,GATE-04,occupancy_pct,15.9
2026-06-23T21:00:00+00:00,ZONE-LAB,GATE-04,people_count,64.0
2026-06-23T21:00:00+00:00,ZONE-LAB,GATE-04,density_index,0.4
2026-06-23T21:00:00+00:00,ZONE-LAB,GATE-04,utilization_m2_pct,14.0
2026-06-23T21:00:00+00:00,ZONE-LAB,GATE-04,comfort_index,82.3
2026-06-23T21:15:00+00:00,ZONE-LAB,GATE-04,occupancy_pct,16.6
2026-06-23T21:15:00+00:00,ZONE-LAB,GATE-04,people_count,66.0
2026-06-23T21:15:00+00:00,ZONE-LAB,GATE-04,density_index,0.59
2026-06-23T21:15:00+00:00,ZONE-LAB,GATE-04,utilization_m2_pct,16.0
2026-06-23T21:15:00+00:00,ZONE-LAB,GATE-04,comfort_index,82.9
2026-06-23T21:30:00+00:00,ZONE-LAB,GATE-04,occupancy_pct,25.9
2026-06-23T21:30:00+00:00,ZONE-LAB,GATE-04,people_count,104.0
2026-06-23T21:30:00+00:00,ZONE-LAB,GATE-04,density_index,0.86
2026-06-23T21:30:00+00:00,ZONE-LAB,GATE-04,utilization_m2_pct,24.2
2026-06-23T21:30:00+00:00,ZONE-LAB,GATE-04,comfort_index,78.1
2026-06-23T21:45:00+00:00,ZONE-LAB,GATE-04,occupancy_pct,13.7
2026-06-23T21:45:00+00:00,ZONE-LAB,GATE-04,people_count,55.0
2026-06-23T21:45:00+00:00,ZONE-LAB,GATE-04,density_index,0.15
2026-06-23T21:45:00+00:00,ZONE-LAB,GATE-04,utilization_m2_pct,12.1
2026-06-23T21:45:00+00:00,ZONE-LAB,GATE-04,comfort_index,85.3
2026-06-23T22:00:00+00:00,ZONE-LAB,GATE-04,occupancy_pct,19.2
2026-06-23T22:00:00+00:00,ZONE-LAB,GATE-04,people_count,77.0
2026-06-23T22:00:00+00:00,ZONE-LAB,GATE-04,density_index,0.8
2026-06-23T22:00:00+00:00,ZONE-LAB,GATE-04,utilization_m2_pct,18.0
2026-06-23T22:00:00+00:00,ZONE-LAB,GATE-04,comfort_index,82.4
2026-06-23T22:15:00+00:00,ZONE-LAB,GATE-04,occupancy_pct,18.0
2026-06-23T22:15:00+00:00,ZONE-LAB,GATE-04,people_count,72.0
2026-06-23T22:15:00+00:00,ZONE-LAB,GATE-04,density_index,0.61
2026-06-23T22:15:00+00:00,ZONE-LAB,GATE-04,utilization_m2_pct,17.8
2026-06-23T22:15:00+00:00,ZONE-LAB,GATE-04,comfort_index,87.1
2026-06-23T22:30:00+00:00,ZONE-LAB,GATE-04,occupancy_pct,15.3
2026-06-23T22:30:00+00:00,ZONE-LAB,GATE-04,people_count,61.0
2026-06-23T22:30:00+00:00,ZONE-LAB,GATE-04,density_index,0.18
2026-06-23T22:30:00+00:00,ZONE-LAB,GATE-04,utilization_m2_pct,14.6
2026-06-23T22:30:00+00:00,ZONE-LAB,GATE-04,comfort_index,89.4
2026-06-23T22:45:00+00:00,ZONE-LAB,GATE-04,occupancy_pct,21.3
2026-06-23T22:45:00+00:00,ZONE-LAB,GATE-04,people_count,85.0
2026-06-23T22:45:00+00:00,ZONE-LAB,GATE-04,density_index,0.33
2026-06-23T22:45:00+00:00,ZONE-LAB,GATE-04,utilization_m2_pct,19.4
2026-06-23T22:45:00+00:00,ZONE-LAB,GATE-04,comfort_index,83.7
2026-06-23T23:00:00+00:00,ZONE-LAB,GATE-04,occupancy_pct,13.7
2026-06-23T23:00:00+00:00,ZONE-LAB,GATE-04,people_count,55.0
2026-06-23T23:00:00+00:00,ZONE-LAB,GATE-04,density_index,0.94
2026-06-23T23:00:00+00:00,ZONE-LAB,GATE-04,utilization_m2_pct,12.7
2026-06-23T23:00:00+00:00,ZONE-LAB,GATE-04,comfort_index,85.9
2026-06-23T23:15:00+00:00,ZONE-LAB,GATE-04,occupancy_pct,19.4
2026-06-23T23:15:00+00:00,ZONE-LAB,GATE-04,people_count,78.0
2026-06-23T23:15:00+00:00,ZONE-LAB,GATE-04,density_index,0.53
2026-06-23T23:15:00+00:00,ZONE-LAB,GATE-04,utilization_m2_pct,16.9
2026-06-23T23:15:00+00:00,ZONE-LAB,GATE-04,comfort_index,88.1
2026-06-23T23:30:00+00:00,ZONE-LAB,GATE-04,occupancy_pct,16.6
2026-06-23T23:30:00+00:00,ZONE-LAB,GATE-04,people_count,67.0
2026-06-23T23:30:00+00:00,ZONE-LAB,GATE-04,density_index,0.26
2026-06-23T23:30:00+00:00,ZONE-LAB,GATE-04,utilization_m2_pct,16.0
2026-06-23T23:30:00+00:00,ZONE-LAB,GATE-04,comfort_index,91.2
2026-06-23T23:45:00+00:00,ZONE-LAB,GATE-04,occupancy_pct,16.7
2026-06-23T23:45:00+00:00,ZONE-LAB,GATE-04,people_count,67.0
2026-06-23T23:45:00+00:00,ZONE-LAB,GATE-04,density_index,0.6
2026-06-23T23:45:00+00:00,ZONE-LAB,GATE-04,utilization_m2_pct,14.9
2026-06-23T23:45:00+00:00,ZONE-LAB,GATE-04,comfort_index,88.4
2026-06-23T00:00:00+00:00,ZONE-ASPEN,GATE-05,occupancy_pct,11.9
2026-06-23T00:00:00+00:00,ZONE-ASPEN,GATE-05,people_count,71.0
2026-06-23T00:00:00+00:00,ZONE-ASPEN,GATE-05,density_index,0.31
2026-06-23T00:00:00+00:00,ZONE-ASPEN,GATE-05,utilization_m2_pct,11.8
2026-06-23T00:00:00+00:00,ZONE-ASPEN,GATE-05,comfort_index,84.5
2026-06-23T00:15:00+00:00,ZONE-ASPEN,GATE-05,occupancy_pct,12.9
2026-06-23T00:15:00+00:00,ZONE-ASPEN,GATE-05,people_count,77.0
2026-06-23T00:15:00+00:00,ZONE-ASPEN,GATE-05,density_index,0.89
2026-06-23T00:15:00+00:00,ZONE-ASPEN,GATE-05,utilization_m2_pct,12.2
2026-06-23T00:15:00+00:00,ZONE-ASPEN,GATE-05,comfort_index,89.4
2026-06-23T00:30:00+00:00,ZONE-ASPEN,GATE-05,occupancy_pct,21.7
2026-06-23T00:30:00+00:00,ZONE-ASPEN,GATE-05,people_count,130.0
2026-06-23T00:30:00+00:00,ZONE-ASPEN,GATE-05,density_index,1.24
2026-06-23T00:30:00+00:00,ZONE-ASPEN,GATE-05,utilization_m2_pct,20.9
2026-06-23T00:30:00+00:00,ZONE-ASPEN,GATE-05,comfort_index,81.0
2026-06-23T00:45:00+00:00,ZONE-ASPEN,GATE-05,occupancy_pct,21.3
2026-06-23T00:45:00+00:00,ZONE-ASPEN,GATE-05,people_count,128.0
2026-06-23T00:45:00+00:00,ZONE-ASPEN,GATE-05,density_index,1.37
2026-06-23T00:45:00+00:00,ZONE-ASPEN,GATE-05,utilization_m2_pct,19.4
2026-06-23T00:45:00+00:00,ZONE-ASPEN,GATE-05,comfort_index,83.0
2026-06-23T01:00:00+00:00,ZONE-ASPEN,GATE-05,occupancy_pct,15.9
2026-06-23T01:00:00+00:00,ZONE-ASPEN,GATE-05,people_count,95.0
2026-06-23T01:00:00+00:00,ZONE-ASPEN,GATE-05,density_index,0.81
2026-06-23T01:00:00+00:00,ZONE-ASPEN,GATE-05,utilization_m2_pct,15.8
2026-06-23T01:00:00+00:00,ZONE-ASPEN,GATE-05,comfort_index,85.7
2026-06-23T01:15:00+00:00,ZONE-ASPEN,GATE-05,occupancy_pct,20.1
2026-06-23T01:15:00+00:00,ZONE-ASPEN,GATE-05,people_count,121.0
2026-06-23T01:15:00+00:00,ZONE-ASPEN,GATE-05,density_index,1.03
2026-06-23T01:15:00+00:00,ZONE-ASPEN,GATE-05,utilization_m2_pct,19.6
2026-06-23T01:15:00+00:00,ZONE-ASPEN,GATE-05,comfort_index,92.5
2026-06-23T01:30:00+00:00,ZONE-ASPEN,GATE-05,occupancy_pct,23.8
2026-06-23T01:30:00+00:00,ZONE-ASPEN,GATE-05,people_count,143.0
2026-06-23T01:30:00+00:00,ZONE-ASPEN,GATE-05,density_index,1.08
2026-06-23T01:30:00+00:00,ZONE-ASPEN,GATE-05,utilization_m2_pct,22.8
2026-06-23T01:30:00+00:00,ZONE-ASPEN,GATE-05,comfort_index,85.5
2026-06-23T01:45:00+00:00,ZONE-ASPEN,GATE-05,occupancy_pct,15.1
2026-06-23T01:45:00+00:00,ZONE-ASPEN,GATE-05,people_count,91.0
2026-06-23T01:45:00+00:00,ZONE-ASPEN,GATE-05,density_index,0.79
2026-06-23T01:45:00+00:00,ZONE-ASPEN,GATE-05,utilization_m2_pct,12.9
2026-06-23T01:45:00+00:00,ZONE-ASPEN,GATE-05,comfort_index,81.2
2026-06-23T02:00:00+00:00,ZONE-ASPEN,GATE-05,occupancy_pct,27.3
2026-06-23T02:00:00+00:00,ZONE-ASPEN,GATE-05,people_count,164.0
2026-06-23T02:00:00+00:00,ZONE-ASPEN,GATE-05,density_index,1.35
2026-06-23T02:00:00+00:00,ZONE-ASPEN,GATE-05,utilization_m2_pct,24.6
2026-06-23T02:00:00+00:00,ZONE-ASPEN,GATE-05,comfort_index,80.1
2026-06-23T02:15:00+00:00,ZONE-ASPEN,GATE-05,occupancy_pct,23.8
2026-06-23T02:15:00+00:00,ZONE-ASPEN,GATE-05,people_count,143.0
2026-06-23T02:15:00+00:00,ZONE-ASPEN,GATE-05,density_index,1.31
2026-06-23T02:15:00+00:00,ZONE-ASPEN,GATE-05,utilization_m2_pct,21.3
2026-06-23T02:15:00+00:00,ZONE-ASPEN,GATE-05,comfort_index,80.5
2026-06-23T02:30:00+00:00,ZONE-ASPEN,GATE-05,occupancy_pct,26.0
2026-06-23T02:30:00+00:00,ZONE-ASPEN,GATE-05,people_count,156.0
2026-06-23T02:30:00+00:00,ZONE-ASPEN,GATE-05,density_index,1.44
2026-06-23T02:30:00+00:00,ZONE-ASPEN,GATE-05,utilization_m2_pct,25.0
2026-06-23T02:30:00+00:00,ZONE-ASPEN,GATE-05,comfort_index,77.6
2026-06-23T02:45:00+00:00,ZONE-ASPEN,GATE-05,occupancy_pct,22.8
2026-06-23T02:45:00+00:00,ZONE-ASPEN,GATE-05,people_count,137.0
2026-06-23T02:45:00+00:00,ZONE-ASPEN,GATE-05,density_index,0.99
2026-06-23T02:45:00+00:00,ZONE-ASPEN,GATE-05,utilization_m2_pct,19.4
2026-06-23T02:45:00+00:00,ZONE-ASPEN,GATE-05,comfort_index,75.8
2026-06-23T03:00:00+00:00,ZONE-ASPEN,GATE-05,occupancy_pct,22.0
2026-06-23T03:00:00+00:00,ZONE-ASPEN,GATE-05,people_count,132.0
2026-06-23T03:00:00+00:00,ZONE-ASPEN,GATE-05,density_index,1.26
2026-06-23T03:00:00+00:00,ZONE-ASPEN,GATE-05,utilization_m2_pct,19.8
2026-06-23T03:00:00+00:00,ZONE-ASPEN,GATE-05,comfort_index,76.8
2026-06-23T03:15:00+00:00,ZONE-ASPEN,GATE-05,occupancy_pct,27.8
2026-06-23T03:15:00+00:00,ZONE-ASPEN,GATE-05,people_count,167.0
2026-06-23T03:15:00+00:00,ZONE-ASPEN,GATE-05,density_index,1.69
2026-06-23T03:15:00+00:00,ZONE-ASPEN,GATE-05,utilization_m2_pct,26.6
2026-06-23T03:15:00+00:00,ZONE-ASPEN,GATE-05,comfort_index,77.0
2026-06-23T03:30:00+00:00,ZONE-ASPEN,GATE-05,occupancy_pct,24.5
2026-06-23T03:30:00+00:00,ZONE-ASPEN,GATE-05,people_count,147.0
2026-06-23T03:30:00+00:00,ZONE-ASPEN,GATE-05,density_index,1.27
2026-06-23T03:30:00+00:00,ZONE-ASPEN,GATE-05,utilization_m2_pct,21.0
2026-06-23T03:30:00+00:00,ZONE-ASPEN,GATE-05,comfort_index,79.4
2026-06-23T03:45:00+00:00,ZONE-ASPEN,GATE-05,occupancy_pct,30.9
2026-06-23T03:45:00+00:00,ZONE-ASPEN,GATE-05,people_count,185.0
2026-06-23T03:45:00+00:00,ZONE-ASPEN,GATE-05,density_index,1.44
2026-06-23T03:45:00+00:00,ZONE-ASPEN,GATE-05,utilization_m2_pct,27.9
2026-06-23T03:45:00+00:00,ZONE-ASPEN,GATE-05,comfort_index,72.9
2026-06-23T04:00:00+00:00,ZONE-ASPEN,GATE-05,occupancy_pct,28.0
2026-06-23T04:00:00+00:00,ZONE-ASPEN,GATE-05,people_count,168.0
2026-06-23T04:00:00+00:00,ZONE-ASPEN,GATE-05,density_index,1.73
2026-06-23T04:00:00+00:00,ZONE-ASPEN,GATE-05,utilization_m2_pct,27.7
2026-06-23T04:00:00+00:00,ZONE-ASPEN,GATE-05,comfort_index,74.8
2026-06-23T04:15:00+00:00,ZONE-ASPEN,GATE-05,occupancy_pct,29.3
2026-06-23T04:15:00+00:00,ZONE-ASPEN,GATE-05,people_count,176.0
2026-06-23T04:15:00+00:00,ZONE-ASPEN,GATE-05,density_index,1.51
2026-06-23T04:15:00+00:00,ZONE-ASPEN,GATE-05,utilization_m2_pct,29.1
2026-06-23T04:15:00+00:00,ZONE-ASPEN,GATE-05,comfort_index,73.4
2026-06-23T04:30:00+00:00,ZONE-ASPEN,GATE-05,occupancy_pct,29.5
2026-06-23T04:30:00+00:00,ZONE-ASPEN,GATE-05,people_count,177.0
2026-06-23T04:30:00+00:00,ZONE-ASPEN,GATE-05,density_index,1.57
2026-06-23T04:30:00+00:00,ZONE-ASPEN,GATE-05,utilization_m2_pct,28.2
2026-06-23T04:30:00+00:00,ZONE-ASPEN,GATE-05,comfort_index,72.8
2026-06-23T04:45:00+00:00,ZONE-ASPEN,GATE-05,occupancy_pct,34.6
2026-06-23T04:45:00+00:00,ZONE-ASPEN,GATE-05,people_count,208.0
2026-06-23T04:45:00+00:00,ZONE-ASPEN,GATE-05,density_index,1.83
2026-06-23T04:45:00+00:00,ZONE-ASPEN,GATE-05,utilization_m2_pct,33.0
2026-06-23T04:45:00+00:00,ZONE-ASPEN,GATE-05,comfort_index,69.1
2026-06-23T05:00:00+00:00,ZONE-ASPEN,GATE-05,occupancy_pct,35.9
2026-06-23T05:00:00+00:00,ZONE-ASPEN,GATE-05,people_count,215.0
2026-06-23T05:00:00+00:00,ZONE-ASPEN,GATE-05,density_index,1.99
2026-06-23T05:00:00+00:00,ZONE-ASPEN,GATE-05,utilization_m2_pct,32.9
2026-06-23T05:00:00+00:00,ZONE-ASPEN,GATE-05,comfort_index,68.1
2026-06-23T05:15:00+00:00,ZONE-ASPEN,GATE-05,occupancy_pct,34.2
2026-06-23T05:15:00+00:00,ZONE-ASPEN,GATE-05,people_count,205.0
2026-06-23T05:15:00+00:00,ZONE-ASPEN,GATE-05,density_index,1.59
2026-06-23T05:15:00+00:00,ZONE-ASPEN,GATE-05,utilization_m2_pct,29.6
2026-06-23T05:15:00+00:00,ZONE-ASPEN,GATE-05,comfort_index,68.4
2026-06-23T05:30:00+00:00,ZONE-ASPEN,GATE-05,occupancy_pct,39.4
2026-06-23T05:30:00+00:00,ZONE-ASPEN,GATE-05,people_count,237.0
2026-06-23T05:30:00+00:00,ZONE-ASPEN,GATE-05,density_index,2.08
2026-06-23T05:30:00+00:00,ZONE-ASPEN,GATE-05,utilization_m2_pct,37.1
2026-06-23T05:30:00+00:00,ZONE-ASPEN,GATE-05,comfort_index,62.4
2026-06-23T05:45:00+00:00,ZONE-ASPEN,GATE-05,occupancy_pct,32.1
2026-06-23T05:45:00+00:00,ZONE-ASPEN,GATE-05,people_count,193.0
2026-06-23T05:45:00+00:00,ZONE-ASPEN,GATE-05,density_index,1.78
2026-06-23T05:45:00+00:00,ZONE-ASPEN,GATE-05,utilization_m2_pct,29.6
2026-06-23T05:45:00+00:00,ZONE-ASPEN,GATE-05,comfort_index,70.4
2026-06-23T06:00:00+00:00,ZONE-ASPEN,GATE-05,occupancy_pct,33.3
2026-06-23T06:00:00+00:00,ZONE-ASPEN,GATE-05,people_count,200.0
2026-06-23T06:00:00+00:00,ZONE-ASPEN,GATE-05,density_index,1.5
2026-06-23T06:00:00+00:00,ZONE-ASPEN,GATE-05,utilization_m2_pct,30.0
2026-06-23T06:00:00+00:00,ZONE-ASPEN,GATE-05,comfort_index,73.7
2026-06-23T06:15:00+00:00,ZONE-ASPEN,GATE-05,occupancy_pct,33.7
2026-06-23T06:15:00+00:00,ZONE-ASPEN,GATE-05,people_count,202.0
2026-06-23T06:15:00+00:00,ZONE-ASPEN,GATE-05,density_index,1.93
2026-06-23T06:15:00+00:00,ZONE-ASPEN,GATE-05,utilization_m2_pct,28.9
2026-06-23T06:15:00+00:00,ZONE-ASPEN,GATE-05,comfort_index,67.4
2026-06-23T06:30:00+00:00,ZONE-ASPEN,GATE-05,occupancy_pct,37.5
2026-06-23T06:30:00+00:00,ZONE-ASPEN,GATE-05,people_count,225.0
2026-06-23T06:30:00+00:00,ZONE-ASPEN,GATE-05,density_index,1.86
2026-06-23T06:30:00+00:00,ZONE-ASPEN,GATE-05,utilization_m2_pct,35.8
2026-06-23T06:30:00+00:00,ZONE-ASPEN,GATE-05,comfort_index,70.6
2026-06-23T06:45:00+00:00,ZONE-ASPEN,GATE-05,occupancy_pct,36.1
2026-06-23T06:45:00+00:00,ZONE-ASPEN,GATE-05,people_count,217.0
2026-06-23T06:45:00+00:00,ZONE-ASPEN,GATE-05,density_index,1.81
2026-06-23T06:45:00+00:00,ZONE-ASPEN,GATE-05,utilization_m2_pct,32.6
2026-06-23T06:45:00+00:00,ZONE-ASPEN,GATE-05,comfort_index,72.9
2026-06-23T07:00:00+00:00,ZONE-ASPEN,GATE-05,occupancy_pct,36.2
2026-06-23T07:00:00+00:00,ZONE-ASPEN,GATE-05,people_count,217.0
2026-06-23T07:00:00+00:00,ZONE-ASPEN,GATE-05,density_index,2.03
2026-06-23T07:00:00+00:00,ZONE-ASPEN,GATE-05,utilization_m2_pct,31.8
2026-06-23T07:00:00+00:00,ZONE-ASPEN,GATE-05,comfort_index,70.9
2026-06-23T07:15:00+00:00,ZONE-ASPEN,GATE-05,occupancy_pct,36.8
2026-06-23T07:15:00+00:00,ZONE-ASPEN,GATE-05,people_count,221.0
2026-06-23T07:15:00+00:00,ZONE-ASPEN,GATE-05,density_index,2.18
2026-06-23T07:15:00+00:00,ZONE-ASPEN,GATE-05,utilization_m2_pct,32.5
2026-06-23T07:15:00+00:00,ZONE-ASPEN,GATE-05,comfort_index,68.1
2026-06-23T07:30:00+00:00,ZONE-ASPEN,GATE-05,occupancy_pct,35.5
2026-06-23T07:30:00+00:00,ZONE-ASPEN,GATE-05,people_count,213.0
2026-06-23T07:30:00+00:00,ZONE-ASPEN,GATE-05,density_index,1.87
2026-06-23T07:30:00+00:00,ZONE-ASPEN,GATE-05,utilization_m2_pct,34.7
2026-06-23T07:30:00+00:00,ZONE-ASPEN,GATE-05,comfort_index,69.8
2026-06-23T07:45:00+00:00,ZONE-ASPEN,GATE-05,occupancy_pct,39.9
2026-06-23T07:45:00+00:00,ZONE-ASPEN,GATE-05,people_count,239.0
2026-06-23T07:45:00+00:00,ZONE-ASPEN,GATE-05,density_index,2.28
2026-06-23T07:45:00+00:00,ZONE-ASPEN,GATE-05,utilization_m2_pct,35.0
2026-06-23T07:45:00+00:00,ZONE-ASPEN,GATE-05,comfort_index,64.0
2026-06-23T08:00:00+00:00,ZONE-ASPEN,GATE-05,occupancy_pct,38.7
2026-06-23T08:00:00+00:00,ZONE-ASPEN,GATE-05,people_count,232.0
2026-06-23T08:00:00+00:00,ZONE-ASPEN,GATE-05,density_index,1.84
2026-06-23T08:00:00+00:00,ZONE-ASPEN,GATE-05,utilization_m2_pct,36.6
2026-06-23T08:00:00+00:00,ZONE-ASPEN,GATE-05,comfort_index,66.9
2026-06-23T08:15:00+00:00,ZONE-ASPEN,GATE-05,occupancy_pct,39.5
2026-06-23T08:15:00+00:00,ZONE-ASPEN,GATE-05,people_count,237.0
2026-06-23T08:15:00+00:00,ZONE-ASPEN,GATE-05,density_index,1.83
2026-06-23T08:15:00+00:00,ZONE-ASPEN,GATE-05,utilization_m2_pct,39.0
2026-06-23T08:15:00+00:00,ZONE-ASPEN,GATE-05,comfort_index,70.0
2026-06-23T08:30:00+00:00,ZONE-ASPEN,GATE-05,occupancy_pct,35.4
2026-06-23T08:30:00+00:00,ZONE-ASPEN,GATE-05,people_count,212.0
2026-06-23T08:30:00+00:00,ZONE-ASPEN,GATE-05,density_index,2.03
2026-06-23T08:30:00+00:00,ZONE-ASPEN,GATE-05,utilization_m2_pct,33.1
2026-06-23T08:30:00+00:00,ZONE-ASPEN,GATE-05,comfort_index,67.5
2026-06-23T08:45:00+00:00,ZONE-ASPEN,GATE-05,occupancy_pct,43.6
2026-06-23T08:45:00+00:00,ZONE-ASPEN,GATE-05,people_count,261.0
2026-06-23T08:45:00+00:00,ZONE-ASPEN,GATE-05,density_index,2.19
2026-06-23T08:45:00+00:00,ZONE-ASPEN,GATE-05,utilization_m2_pct,38.1
2026-06-23T08:45:00+00:00,ZONE-ASPEN,GATE-05,comfort_index,64.2
2026-06-23T09:00:00+00:00,ZONE-ASPEN,GATE-05,occupancy_pct,39.0
2026-06-23T09:00:00+00:00,ZONE-ASPEN,GATE-05,people_count,234.0
2026-06-23T09:00:00+00:00,ZONE-ASPEN,GATE-05,density_index,2.09
2026-06-23T09:00:00+00:00,ZONE-ASPEN,GATE-05,utilization_m2_pct,38.0
2026-06-23T09:00:00+00:00,ZONE-ASPEN,GATE-05,comfort_index,62.6
2026-06-23T09:15:00+00:00,ZONE-ASPEN,GATE-05,occupancy_pct,41.0
2026-06-23T09:15:00+00:00,ZONE-ASPEN,GATE-05,people_count,246.0
2026-06-23T09:15:00+00:00,ZONE-ASPEN,GATE-05,density_index,2.31
2026-06-23T09:15:00+00:00,ZONE-ASPEN,GATE-05,utilization_m2_pct,39.7
2026-06-23T09:15:00+00:00,ZONE-ASPEN,GATE-05,comfort_index,65.3
2026-06-23T09:30:00+00:00,ZONE-ASPEN,GATE-05,occupancy_pct,37.5
2026-06-23T09:30:00+00:00,ZONE-ASPEN,GATE-05,people_count,225.0
2026-06-23T09:30:00+00:00,ZONE-ASPEN,GATE-05,density_index,2.23
2026-06-23T09:30:00+00:00,ZONE-ASPEN,GATE-05,utilization_m2_pct,34.2
2026-06-23T09:30:00+00:00,ZONE-ASPEN,GATE-05,comfort_index,67.9
2026-06-23T09:45:00+00:00,ZONE-ASPEN,GATE-05,occupancy_pct,39.9
2026-06-23T09:45:00+00:00,ZONE-ASPEN,GATE-05,people_count,240.0
2026-06-23T09:45:00+00:00,ZONE-ASPEN,GATE-05,density_index,2.08
2026-06-23T09:45:00+00:00,ZONE-ASPEN,GATE-05,utilization_m2_pct,35.7
2026-06-23T09:45:00+00:00,ZONE-ASPEN,GATE-05,comfort_index,68.9
2026-06-23T10:00:00+00:00,ZONE-ASPEN,GATE-05,occupancy_pct,40.2
2026-06-23T10:00:00+00:00,ZONE-ASPEN,GATE-05,people_count,241.0
2026-06-23T10:00:00+00:00,ZONE-ASPEN,GATE-05,density_index,2.09
2026-06-23T10:00:00+00:00,ZONE-ASPEN,GATE-05,utilization_m2_pct,38.4
2026-06-23T10:00:00+00:00,ZONE-ASPEN,GATE-05,comfort_index,64.2
2026-06-23T10:15:00+00:00,ZONE-ASPEN,GATE-05,occupancy_pct,41.8
2026-06-23T10:15:00+00:00,ZONE-ASPEN,GATE-05,people_count,251.0
2026-06-23T10:15:00+00:00,ZONE-ASPEN,GATE-05,density_index,2.22
2026-06-23T10:15:00+00:00,ZONE-ASPEN,GATE-05,utilization_m2_pct,41.5
2026-06-23T10:15:00+00:00,ZONE-ASPEN,GATE-05,comfort_index,68.8
2026-06-23T10:30:00+00:00,ZONE-ASPEN,GATE-05,occupancy_pct,41.9
2026-06-23T10:30:00+00:00,ZONE-ASPEN,GATE-05,people_count,251.0
2026-06-23T10:30:00+00:00,ZONE-ASPEN,GATE-05,density_index,2.09
2026-06-23T10:30:00+00:00,ZONE-ASPEN,GATE-05,utilization_m2_pct,38.7
2026-06-23T10:30:00+00:00,ZONE-ASPEN,GATE-05,comfort_index,65.3
2026-06-23T10:45:00+00:00,ZONE-ASPEN,GATE-05,occupancy_pct,33.4
2026-06-23T10:45:00+00:00,ZONE-ASPEN,GATE-05,people_count,201.0
2026-06-23T10:45:00+00:00,ZONE-ASPEN,GATE-05,density_index,1.61
2026-06-23T10:45:00+00:00,ZONE-ASPEN,GATE-05,utilization_m2_pct,28.8
2026-06-23T10:45:00+00:00,ZONE-ASPEN,GATE-05,comfort_index,77.0
2026-06-23T11:00:00+00:00,ZONE-ASPEN,GATE-05,occupancy_pct,43.9
2026-06-23T11:00:00+00:00,ZONE-ASPEN,GATE-05,people_count,264.0
2026-06-23T11:00:00+00:00,ZONE-ASPEN,GATE-05,density_index,2.73
2026-06-23T11:00:00+00:00,ZONE-ASPEN,GATE-05,utilization_m2_pct,37.7
2026-06-23T11:00:00+00:00,ZONE-ASPEN,GATE-05,comfort_index,58.0
2026-06-23T11:15:00+00:00,ZONE-ASPEN,GATE-05,occupancy_pct,37.5
2026-06-23T11:15:00+00:00,ZONE-ASPEN,GATE-05,people_count,225.0
2026-06-23T11:15:00+00:00,ZONE-ASPEN,GATE-05,density_index,2.0
2026-06-23T11:15:00+00:00,ZONE-ASPEN,GATE-05,utilization_m2_pct,34.2
2026-06-23T11:15:00+00:00,ZONE-ASPEN,GATE-05,comfort_index,60.5
2026-06-23T11:30:00+00:00,ZONE-ASPEN,GATE-05,occupancy_pct,38.6
2026-06-23T11:30:00+00:00,ZONE-ASPEN,GATE-05,people_count,231.0
2026-06-23T11:30:00+00:00,ZONE-ASPEN,GATE-05,density_index,1.71
2026-06-23T11:30:00+00:00,ZONE-ASPEN,GATE-05,utilization_m2_pct,33.5
2026-06-23T11:30:00+00:00,ZONE-ASPEN,GATE-05,comfort_index,70.2
2026-06-23T11:45:00+00:00,ZONE-ASPEN,GATE-05,occupancy_pct,44.9
2026-06-23T11:45:00+00:00,ZONE-ASPEN,GATE-05,people_count,270.0
2026-06-23T11:45:00+00:00,ZONE-ASPEN,GATE-05,density_index,2.48
2026-06-23T11:45:00+00:00,ZONE-ASPEN,GATE-05,utilization_m2_pct,42.9
2026-06-23T11:45:00+00:00,ZONE-ASPEN,GATE-05,comfort_index,57.2
2026-06-23T12:00:00+00:00,ZONE-ASPEN,GATE-05,occupancy_pct,39.0
2026-06-23T12:00:00+00:00,ZONE-ASPEN,GATE-05,people_count,234.0
2026-06-23T12:00:00+00:00,ZONE-ASPEN,GATE-05,density_index,2.18
2026-06-23T12:00:00+00:00,ZONE-ASPEN,GATE-05,utilization_m2_pct,37.8
2026-06-23T12:00:00+00:00,ZONE-ASPEN,GATE-05,comfort_index,68.3
2026-06-23T12:15:00+00:00,ZONE-ASPEN,GATE-05,occupancy_pct,41.4
2026-06-23T12:15:00+00:00,ZONE-ASPEN,GATE-05,people_count,248.0
2026-06-23T12:15:00+00:00,ZONE-ASPEN,GATE-05,density_index,2.4
2026-06-23T12:15:00+00:00,ZONE-ASPEN,GATE-05,utilization_m2_pct,39.8
2026-06-23T12:15:00+00:00,ZONE-ASPEN,GATE-05,comfort_index,66.4
2026-06-23T12:30:00+00:00,ZONE-ASPEN,GATE-05,occupancy_pct,46.1
2026-06-23T12:30:00+00:00,ZONE-ASPEN,GATE-05,people_count,277.0
2026-06-23T12:30:00+00:00,ZONE-ASPEN,GATE-05,density_index,2.25
2026-06-23T12:30:00+00:00,ZONE-ASPEN,GATE-05,utilization_m2_pct,42.3
2026-06-23T12:30:00+00:00,ZONE-ASPEN,GATE-05,comfort_index,61.2
2026-06-23T12:45:00+00:00,ZONE-ASPEN,GATE-05,occupancy_pct,34.9
2026-06-23T12:45:00+00:00,ZONE-ASPEN,GATE-05,people_count,209.0
2026-06-23T12:45:00+00:00,ZONE-ASPEN,GATE-05,density_index,1.98
2026-06-23T12:45:00+00:00,ZONE-ASPEN,GATE-05,utilization_m2_pct,31.7
2026-06-23T12:45:00+00:00,ZONE-ASPEN,GATE-05,comfort_index,70.3
2026-06-23T13:00:00+00:00,ZONE-ASPEN,GATE-05,occupancy_pct,34.2
2026-06-23T13:00:00+00:00,ZONE-ASPEN,GATE-05,people_count,205.0
2026-06-23T13:00:00+00:00,ZONE-ASPEN,GATE-05,density_index,2.42
2026-06-23T13:00:00+00:00,ZONE-ASPEN,GATE-05,utilization_m2_pct,29.8
2026-06-23T13:00:00+00:00,ZONE-ASPEN,GATE-05,comfort_index,70.4
2026-06-23T13:15:00+00:00,ZONE-ASPEN,GATE-05,occupancy_pct,41.4
2026-06-23T13:15:00+00:00,ZONE-ASPEN,GATE-05,people_count,249.0
2026-06-23T13:15:00+00:00,ZONE-ASPEN,GATE-05,density_index,2.28
2026-06-23T13:15:00+00:00,ZONE-ASPEN,GATE-05,utilization_m2_pct,39.7
2026-06-23T13:15:00+00:00,ZONE-ASPEN,GATE-05,comfort_index,65.3
2026-06-23T13:30:00+00:00,ZONE-ASPEN,GATE-05,occupancy_pct,34.1
2026-06-23T13:30:00+00:00,ZONE-ASPEN,GATE-05,people_count,205.0
2026-06-23T13:30:00+00:00,ZONE-ASPEN,GATE-05,density_index,1.68
2026-06-23T13:30:00+00:00,ZONE-ASPEN,GATE-05,utilization_m2_pct,29.6
2026-06-23T13:30:00+00:00,ZONE-ASPEN,GATE-05,comfort_index,71.3
2026-06-23T13:45:00+00:00,ZONE-ASPEN,GATE-05,occupancy_pct,38.0
2026-06-23T13:45:00+00:00,ZONE-ASPEN,GATE-05,people_count,228.0
2026-06-23T13:45:00+00:00,ZONE-ASPEN,GATE-05,density_index,2.05
2026-06-23T13:45:00+00:00,ZONE-ASPEN,GATE-05,utilization_m2_pct,37.7
2026-06-23T13:45:00+00:00,ZONE-ASPEN,GATE-05,comfort_index,67.4
2026-06-23T14:00:00+00:00,ZONE-ASPEN,GATE-05,occupancy_pct,33.6
2026-06-23T14:00:00+00:00,ZONE-ASPEN,GATE-05,people_count,202.0
2026-06-23T14:00:00+00:00,ZONE-ASPEN,GATE-05,density_index,1.54
2026-06-23T14:00:00+00:00,ZONE-ASPEN,GATE-05,utilization_m2_pct,31.3
2026-06-23T14:00:00+00:00,ZONE-ASPEN,GATE-05,comfort_index,71.0
2026-06-23T14:15:00+00:00,ZONE-ASPEN,GATE-05,occupancy_pct,34.7
2026-06-23T14:15:00+00:00,ZONE-ASPEN,GATE-05,people_count,208.0
2026-06-23T14:15:00+00:00,ZONE-ASPEN,GATE-05,density_index,1.99
2026-06-23T14:15:00+00:00,ZONE-ASPEN,GATE-05,utilization_m2_pct,32.2
2026-06-23T14:15:00+00:00,ZONE-ASPEN,GATE-05,comfort_index,68.1
2026-06-23T14:30:00+00:00,ZONE-ASPEN,GATE-05,occupancy_pct,26.9
2026-06-23T14:30:00+00:00,ZONE-ASPEN,GATE-05,people_count,161.0
2026-06-23T14:30:00+00:00,ZONE-ASPEN,GATE-05,density_index,1.69
2026-06-23T14:30:00+00:00,ZONE-ASPEN,GATE-05,utilization_m2_pct,25.4
2026-06-23T14:30:00+00:00,ZONE-ASPEN,GATE-05,comfort_index,76.3
2026-06-23T14:45:00+00:00,ZONE-ASPEN,GATE-05,occupancy_pct,31.3
2026-06-23T14:45:00+00:00,ZONE-ASPEN,GATE-05,people_count,188.0
2026-06-23T14:45:00+00:00,ZONE-ASPEN,GATE-05,density_index,1.61
2026-06-23T14:45:00+00:00,ZONE-ASPEN,GATE-05,utilization_m2_pct,30.5
2026-06-23T14:45:00+00:00,ZONE-ASPEN,GATE-05,comfort_index,78.1
2026-06-23T15:00:00+00:00,ZONE-ASPEN,GATE-05,occupancy_pct,33.5
2026-06-23T15:00:00+00:00,ZONE-ASPEN,GATE-05,people_count,201.0
2026-06-23T15:00:00+00:00,ZONE-ASPEN,GATE-05,density_index,1.71
2026-06-23T15:00:00+00:00,ZONE-ASPEN,GATE-05,utilization_m2_pct,30.6
2026-06-23T15:00:00+00:00,ZONE-ASPEN,GATE-05,comfort_index,68.9
2026-06-23T15:15:00+00:00,ZONE-ASPEN,GATE-05,occupancy_pct,26.7
2026-06-23T15:15:00+00:00,ZONE-ASPEN,GATE-05,people_count,160.0
2026-06-23T15:15:00+00:00,ZONE-ASPEN,GATE-05,density_index,1.48
2026-06-23T15:15:00+00:00,ZONE-ASPEN,GATE-05,utilization_m2_pct,25.5
2026-06-23T15:15:00+00:00,ZONE-ASPEN,GATE-05,comfort_index,74.4
2026-06-23T15:30:00+00:00,ZONE-ASPEN,GATE-05,occupancy_pct,20.3
2026-06-23T15:30:00+00:00,ZONE-ASPEN,GATE-05,people_count,122.0
2026-06-23T15:30:00+00:00,ZONE-ASPEN,GATE-05,density_index,1.17
2026-06-23T15:30:00+00:00,ZONE-ASPEN,GATE-05,utilization_m2_pct,18.3
2026-06-23T15:30:00+00:00,ZONE-ASPEN,GATE-05,comfort_index,76.9
2026-06-23T15:45:00+00:00,ZONE-ASPEN,GATE-05,occupancy_pct,29.0
2026-06-23T15:45:00+00:00,ZONE-ASPEN,GATE-05,people_count,174.0
2026-06-23T15:45:00+00:00,ZONE-ASPEN,GATE-05,density_index,1.45
2026-06-23T15:45:00+00:00,ZONE-ASPEN,GATE-05,utilization_m2_pct,27.8
2026-06-23T15:45:00+00:00,ZONE-ASPEN,GATE-05,comfort_index,74.9
2026-06-23T16:00:00+00:00,ZONE-ASPEN,GATE-05,occupancy_pct,28.9
2026-06-23T16:00:00+00:00,ZONE-ASPEN,GATE-05,people_count,173.0
2026-06-23T16:00:00+00:00,ZONE-ASPEN,GATE-05,density_index,1.54
2026-06-23T16:00:00+00:00,ZONE-ASPEN,GATE-05,utilization_m2_pct,28.2
2026-06-23T16:00:00+00:00,ZONE-ASPEN,GATE-05,comfort_index,74.0
2026-06-23T16:15:00+00:00,ZONE-ASPEN,GATE-05,occupancy_pct,28.0
2026-06-23T16:15:00+00:00,ZONE-ASPEN,GATE-05,people_count,168.0
2026-06-23T16:15:00+00:00,ZONE-ASPEN,GATE-05,density_index,1.53
2026-06-23T16:15:00+00:00,ZONE-ASPEN,GATE-05,utilization_m2_pct,27.2
2026-06-23T16:15:00+00:00,ZONE-ASPEN,GATE-05,comfort_index,73.9
2026-06-23T16:30:00+00:00,ZONE-ASPEN,GATE-05,occupancy_pct,30.8
2026-06-23T16:30:00+00:00,ZONE-ASPEN,GATE-05,people_count,185.0
2026-06-23T16:30:00+00:00,ZONE-ASPEN,GATE-05,density_index,2.06
2026-06-23T16:30:00+00:00,ZONE-ASPEN,GATE-05,utilization_m2_pct,26.4
2026-06-23T16:30:00+00:00,ZONE-ASPEN,GATE-05,comfort_index,68.7
2026-06-23T16:45:00+00:00,ZONE-ASPEN,GATE-05,occupancy_pct,29.7
2026-06-23T16:45:00+00:00,ZONE-ASPEN,GATE-05,people_count,178.0
2026-06-23T16:45:00+00:00,ZONE-ASPEN,GATE-05,density_index,1.96
2026-06-23T16:45:00+00:00,ZONE-ASPEN,GATE-05,utilization_m2_pct,26.5
2026-06-23T16:45:00+00:00,ZONE-ASPEN,GATE-05,comfort_index,75.8
2026-06-23T17:00:00+00:00,ZONE-ASPEN,GATE-05,occupancy_pct,19.3
2026-06-23T17:00:00+00:00,ZONE-ASPEN,GATE-05,people_count,116.0
2026-06-23T17:00:00+00:00,ZONE-ASPEN,GATE-05,density_index,0.76
2026-06-23T17:00:00+00:00,ZONE-ASPEN,GATE-05,utilization_m2_pct,19.0
2026-06-23T17:00:00+00:00,ZONE-ASPEN,GATE-05,comfort_index,78.5
2026-06-23T17:15:00+00:00,ZONE-ASPEN,GATE-05,occupancy_pct,28.2
2026-06-23T17:15:00+00:00,ZONE-ASPEN,GATE-05,people_count,169.0
2026-06-23T17:15:00+00:00,ZONE-ASPEN,GATE-05,density_index,1.29
2026-06-23T17:15:00+00:00,ZONE-ASPEN,GATE-05,utilization_m2_pct,25.5
2026-06-23T17:15:00+00:00,ZONE-ASPEN,GATE-05,comfort_index,79.7
2026-06-23T17:30:00+00:00,ZONE-ASPEN,GATE-05,occupancy_pct,26.4
2026-06-23T17:30:00+00:00,ZONE-ASPEN,GATE-05,people_count,158.0
2026-06-23T17:30:00+00:00,ZONE-ASPEN,GATE-05,density_index,1.32
2026-06-23T17:30:00+00:00,ZONE-ASPEN,GATE-05,utilization_m2_pct,23.0
2026-06-23T17:30:00+00:00,ZONE-ASPEN,GATE-05,comfort_index,72.9
2026-06-23T17:45:00+00:00,ZONE-ASPEN,GATE-05,occupancy_pct,15.5
2026-06-23T17:45:00+00:00,ZONE-ASPEN,GATE-05,people_count,93.0
2026-06-23T17:45:00+00:00,ZONE-ASPEN,GATE-05,density_index,0.98
2026-06-23T17:45:00+00:00,ZONE-ASPEN,GATE-05,utilization_m2_pct,13.6
2026-06-23T17:45:00+00:00,ZONE-ASPEN,GATE-05,comfort_index,87.1
2026-06-23T18:00:00+00:00,ZONE-ASPEN,GATE-05,occupancy_pct,95.5
2026-06-23T18:00:00+00:00,ZONE-ASPEN,GATE-05,people_count,583.0
2026-06-23T18:00:00+00:00,ZONE-ASPEN,GATE-05,density_index,5.71
2026-06-23T18:00:00+00:00,ZONE-ASPEN,GATE-05,utilization_m2_pct,95.6
2026-06-23T18:00:00+00:00,ZONE-ASPEN,GATE-05,comfort_index,28.4
2026-06-23T18:15:00+00:00,ZONE-ASPEN,GATE-05,occupancy_pct,97.7
2026-06-23T18:15:00+00:00,ZONE-ASPEN,GATE-05,people_count,618.0
2026-06-23T18:15:00+00:00,ZONE-ASPEN,GATE-05,density_index,5.69
2026-06-23T18:15:00+00:00,ZONE-ASPEN,GATE-05,utilization_m2_pct,96.2
2026-06-23T18:15:00+00:00,ZONE-ASPEN,GATE-05,comfort_index,29.4
2026-06-23T18:30:00+00:00,ZONE-ASPEN,GATE-05,occupancy_pct,99.5
2026-06-23T18:30:00+00:00,ZONE-ASPEN,GATE-05,people_count,684.0
2026-06-23T18:30:00+00:00,ZONE-ASPEN,GATE-05,density_index,4.83
2026-06-23T18:30:00+00:00,ZONE-ASPEN,GATE-05,utilization_m2_pct,96.1
2026-06-23T18:30:00+00:00,ZONE-ASPEN,GATE-05,comfort_index,26.2
2026-06-23T18:45:00+00:00,ZONE-ASPEN,GATE-05,occupancy_pct,99.7
2026-06-23T18:45:00+00:00,ZONE-ASPEN,GATE-05,people_count,671.0
2026-06-23T18:45:00+00:00,ZONE-ASPEN,GATE-05,density_index,5.34
2026-06-23T18:45:00+00:00,ZONE-ASPEN,GATE-05,utilization_m2_pct,96.2
2026-06-23T18:45:00+00:00,ZONE-ASPEN,GATE-05,comfort_index,22.8
2026-06-23T19:00:00+00:00,ZONE-ASPEN,GATE-05,occupancy_pct,97.2
2026-06-23T19:00:00+00:00,ZONE-ASPEN,GATE-05,people_count,624.0
2026-06-23T19:00:00+00:00,ZONE-ASPEN,GATE-05,density_index,5.51
2026-06-23T19:00:00+00:00,ZONE-ASPEN,GATE-05,utilization_m2_pct,97.9
2026-06-23T19:00:00+00:00,ZONE-ASPEN,GATE-05,comfort_index,28.0
2026-06-23T19:15:00+00:00,ZONE-ASPEN,GATE-05,occupancy_pct,96.2
2026-06-23T19:15:00+00:00,ZONE-ASPEN,GATE-05,people_count,621.0
2026-06-23T19:15:00+00:00,ZONE-ASPEN,GATE-05,density_index,6.49
2026-06-23T19:15:00+00:00,ZONE-ASPEN,GATE-05,utilization_m2_pct,96.7
2026-06-23T19:15:00+00:00,ZONE-ASPEN,GATE-05,comfort_index,25.0
2026-06-23T19:30:00+00:00,ZONE-ASPEN,GATE-05,occupancy_pct,18.8
2026-06-23T19:30:00+00:00,ZONE-ASPEN,GATE-05,people_count,113.0
2026-06-23T19:30:00+00:00,ZONE-ASPEN,GATE-05,density_index,0.79
2026-06-23T19:30:00+00:00,ZONE-ASPEN,GATE-05,utilization_m2_pct,18.3
2026-06-23T19:30:00+00:00,ZONE-ASPEN,GATE-05,comfort_index,91.6
2026-06-23T19:45:00+00:00,ZONE-ASPEN,GATE-05,occupancy_pct,12.8
2026-06-23T19:45:00+00:00,ZONE-ASPEN,GATE-05,people_count,77.0
2026-06-23T19:45:00+00:00,ZONE-ASPEN,GATE-05,density_index,0.78
2026-06-23T19:45:00+00:00,ZONE-ASPEN,GATE-05,utilization_m2_pct,12.2
2026-06-23T19:45:00+00:00,ZONE-ASPEN,GATE-05,comfort_index,90.6
2026-06-23T20:00:00+00:00,ZONE-ASPEN,GATE-05,occupancy_pct,21.0
2026-06-23T20:00:00+00:00,ZONE-ASPEN,GATE-05,people_count,126.0
2026-06-23T20:00:00+00:00,ZONE-ASPEN,GATE-05,density_index,1.12
2026-06-23T20:00:00+00:00,ZONE-ASPEN,GATE-05,utilization_m2_pct,19.1
2026-06-23T20:00:00+00:00,ZONE-ASPEN,GATE-05,comfort_index,79.4
2026-06-23T20:15:00+00:00,ZONE-ASPEN,GATE-05,occupancy_pct,14.5
2026-06-23T20:15:00+00:00,ZONE-ASPEN,GATE-05,people_count,87.0
2026-06-23T20:15:00+00:00,ZONE-ASPEN,GATE-05,density_index,0.96
2026-06-23T20:15:00+00:00,ZONE-ASPEN,GATE-05,utilization_m2_pct,12.7
2026-06-23T20:15:00+00:00,ZONE-ASPEN,GATE-05,comfort_index,83.3
2026-06-23T20:30:00+00:00,ZONE-ASPEN,GATE-05,occupancy_pct,17.0
2026-06-23T20:30:00+00:00,ZONE-ASPEN,GATE-05,people_count,102.0
2026-06-23T20:30:00+00:00,ZONE-ASPEN,GATE-05,density_index,0.86
2026-06-23T20:30:00+00:00,ZONE-ASPEN,GATE-05,utilization_m2_pct,17.0
2026-06-23T20:30:00+00:00,ZONE-ASPEN,GATE-05,comfort_index,85.4
2026-06-23T20:45:00+00:00,ZONE-ASPEN,GATE-05,occupancy_pct,20.1
2026-06-23T20:45:00+00:00,ZONE-ASPEN,GATE-05,people_count,121.0
2026-06-23T20:45:00+00:00,ZONE-ASPEN,GATE-05,density_index,0.83
2026-06-23T20:45:00+00:00,ZONE-ASPEN,GATE-05,utilization_m2_pct,17.7
2026-06-23T20:45:00+00:00,ZONE-ASPEN,GATE-05,comfort_index,81.7
2026-06-23T21:00:00+00:00,ZONE-ASPEN,GATE-05,occupancy_pct,22.1
2026-06-23T21:00:00+00:00,ZONE-ASPEN,GATE-05,people_count,133.0
2026-06-23T21:00:00+00:00,ZONE-ASPEN,GATE-05,density_index,0.77
2026-06-23T21:00:00+00:00,ZONE-ASPEN,GATE-05,utilization_m2_pct,20.7
2026-06-23T21:00:00+00:00,ZONE-ASPEN,GATE-05,comfort_index,84.1
2026-06-23T21:15:00+00:00,ZONE-ASPEN,GATE-05,occupancy_pct,12.7
2026-06-23T21:15:00+00:00,ZONE-ASPEN,GATE-05,people_count,76.0
2026-06-23T21:15:00+00:00,ZONE-ASPEN,GATE-05,density_index,0.61
2026-06-23T21:15:00+00:00,ZONE-ASPEN,GATE-05,utilization_m2_pct,12.3
2026-06-23T21:15:00+00:00,ZONE-ASPEN,GATE-05,comfort_index,87.0
2026-06-23T21:30:00+00:00,ZONE-ASPEN,GATE-05,occupancy_pct,16.3
2026-06-23T21:30:00+00:00,ZONE-ASPEN,GATE-05,people_count,98.0
2026-06-23T21:30:00+00:00,ZONE-ASPEN,GATE-05,density_index,1.09
2026-06-23T21:30:00+00:00,ZONE-ASPEN,GATE-05,utilization_m2_pct,14.1
2026-06-23T21:30:00+00:00,ZONE-ASPEN,GATE-05,comfort_index,83.7
2026-06-23T21:45:00+00:00,ZONE-ASPEN,GATE-05,occupancy_pct,12.5
2026-06-23T21:45:00+00:00,ZONE-ASPEN,GATE-05,people_count,75.0
2026-06-23T21:45:00+00:00,ZONE-ASPEN,GATE-05,density_index,0.3
2026-06-23T21:45:00+00:00,ZONE-ASPEN,GATE-05,utilization_m2_pct,11.2
2026-06-23T21:45:00+00:00,ZONE-ASPEN,GATE-05,comfort_index,92.9
2026-06-23T22:00:00+00:00,ZONE-ASPEN,GATE-05,occupancy_pct,16.2
2026-06-23T22:00:00+00:00,ZONE-ASPEN,GATE-05,people_count,97.0
2026-06-23T22:00:00+00:00,ZONE-ASPEN,GATE-05,density_index,1.07
2026-06-23T22:00:00+00:00,ZONE-ASPEN,GATE-05,utilization_m2_pct,15.3
2026-06-23T22:00:00+00:00,ZONE-ASPEN,GATE-05,comfort_index,78.1
2026-06-23T22:15:00+00:00,ZONE-ASPEN,GATE-05,occupancy_pct,19.6
2026-06-23T22:15:00+00:00,ZONE-ASPEN,GATE-05,people_count,118.0
2026-06-23T22:15:00+00:00,ZONE-ASPEN,GATE-05,density_index,0.74
2026-06-23T22:15:00+00:00,ZONE-ASPEN,GATE-05,utilization_m2_pct,19.2
2026-06-23T22:15:00+00:00,ZONE-ASPEN,GATE-05,comfort_index,86.8
2026-06-23T22:30:00+00:00,ZONE-ASPEN,GATE-05,occupancy_pct,14.4
2026-06-23T22:30:00+00:00,ZONE-ASPEN,GATE-05,people_count,86.0
2026-06-23T22:30:00+00:00,ZONE-ASPEN,GATE-05,density_index,0.72
2026-06-23T22:30:00+00:00,ZONE-ASPEN,GATE-05,utilization_m2_pct,13.5
2026-06-23T22:30:00+00:00,ZONE-ASPEN,GATE-05,comfort_index,85.5
2026-06-23T22:45:00+00:00,ZONE-ASPEN,GATE-05,occupancy_pct,20.4
2026-06-23T22:45:00+00:00,ZONE-ASPEN,GATE-05,people_count,123.0
2026-06-23T22:45:00+00:00,ZONE-ASPEN,GATE-05,density_index,1.04
2026-06-23T22:45:00+00:00,ZONE-ASPEN,GATE-05,utilization_m2_pct,19.3
2026-06-23T22:45:00+00:00,ZONE-ASPEN,GATE-05,comfort_index,83.9
2026-06-23T23:00:00+00:00,ZONE-ASPEN,GATE-05,occupancy_pct,15.1
2026-06-23T23:00:00+00:00,ZONE-ASPEN,GATE-05,people_count,90.0
2026-06-23T23:00:00+00:00,ZONE-ASPEN,GATE-05,density_index,0.57
2026-06-23T23:00:00+00:00,ZONE-ASPEN,GATE-05,utilization_m2_pct,13.4
2026-06-23T23:00:00+00:00,ZONE-ASPEN,GATE-05,comfort_index,91.8
2026-06-23T23:15:00+00:00,ZONE-ASPEN,GATE-05,occupancy_pct,13.5
2026-06-23T23:15:00+00:00,ZONE-ASPEN,GATE-05,people_count,81.0
2026-06-23T23:15:00+00:00,ZONE-ASPEN,GATE-05,density_index,1.0
2026-06-23T23:15:00+00:00,ZONE-ASPEN,GATE-05,utilization_m2_pct,11.9
2026-06-23T23:15:00+00:00,ZONE-ASPEN,GATE-05,comfort_index,87.6
2026-06-23T23:30:00+00:00,ZONE-ASPEN,GATE-05,occupancy_pct,12.7
2026-06-23T23:30:00+00:00,ZONE-ASPEN,GATE-05,people_count,76.0
2026-06-23T23:30:00+00:00,ZONE-ASPEN,GATE-05,density_index,0.48
2026-06-23T23:30:00+00:00,ZONE-ASPEN,GATE-05,utilization_m2_pct,11.4
2026-06-23T23:30:00+00:00,ZONE-ASPEN,GATE-05,comfort_index,89.4
2026-06-23T23:45:00+00:00,ZONE-ASPEN,GATE-05,occupancy_pct,18.1
2026-06-23T23:45:00+00:00,ZONE-ASPEN,GATE-05,people_count,109.0
2026-06-23T23:45:00+00:00,ZONE-ASPEN,GATE-05,density_index,1.04
2026-06-23T23:45:00+00:00,ZONE-ASPEN,GATE-05,utilization_m2_pct,17.4
2026-06-23T23:45:00+00:00,ZONE-ASPEN,GATE-05,comfort_index,88.2
2026-06-23T00:00:00+00:00,ZONE-BILAT,GATE-06,occupancy_pct,23.0
2026-06-23T00:00:00+00:00,ZONE-BILAT,GATE-06,people_count,28.0
2026-06-23T00:00:00+00:00,ZONE-BILAT,GATE-06,density_index,0.19
2026-06-23T00:00:00+00:00,ZONE-BILAT,GATE-06,utilization_m2_pct,22.0
2026-06-23T00:00:00+00:00,ZONE-BILAT,GATE-06,comfort_index,83.6
2026-06-23T00:15:00+00:00,ZONE-BILAT,GATE-06,occupancy_pct,19.5
2026-06-23T00:15:00+00:00,ZONE-BILAT,GATE-06,people_count,23.0
2026-06-23T00:15:00+00:00,ZONE-BILAT,GATE-06,density_index,0.27
2026-06-23T00:15:00+00:00,ZONE-BILAT,GATE-06,utilization_m2_pct,18.5
2026-06-23T00:15:00+00:00,ZONE-BILAT,GATE-06,comfort_index,89.8
2026-06-23T00:30:00+00:00,ZONE-BILAT,GATE-06,occupancy_pct,21.3
2026-06-23T00:30:00+00:00,ZONE-BILAT,GATE-06,people_count,26.0
2026-06-23T00:30:00+00:00,ZONE-BILAT,GATE-06,density_index,0.0
2026-06-23T00:30:00+00:00,ZONE-BILAT,GATE-06,utilization_m2_pct,19.8
2026-06-23T00:30:00+00:00,ZONE-BILAT,GATE-06,comfort_index,89.5
2026-06-23T00:45:00+00:00,ZONE-BILAT,GATE-06,occupancy_pct,31.4
2026-06-23T00:45:00+00:00,ZONE-BILAT,GATE-06,people_count,38.0
2026-06-23T00:45:00+00:00,ZONE-BILAT,GATE-06,density_index,0.36
2026-06-23T00:45:00+00:00,ZONE-BILAT,GATE-06,utilization_m2_pct,29.8
2026-06-23T00:45:00+00:00,ZONE-BILAT,GATE-06,comfort_index,83.3
2026-06-23T01:00:00+00:00,ZONE-BILAT,GATE-06,occupancy_pct,31.2
2026-06-23T01:00:00+00:00,ZONE-BILAT,GATE-06,people_count,37.0
2026-06-23T01:00:00+00:00,ZONE-BILAT,GATE-06,density_index,0.6
2026-06-23T01:00:00+00:00,ZONE-BILAT,GATE-06,utilization_m2_pct,26.7
2026-06-23T01:00:00+00:00,ZONE-BILAT,GATE-06,comfort_index,82.8
2026-06-23T01:15:00+00:00,ZONE-BILAT,GATE-06,occupancy_pct,14.5
2026-06-23T01:15:00+00:00,ZONE-BILAT,GATE-06,people_count,17.0
2026-06-23T01:15:00+00:00,ZONE-BILAT,GATE-06,density_index,0.34
2026-06-23T01:15:00+00:00,ZONE-BILAT,GATE-06,utilization_m2_pct,12.6
2026-06-23T01:15:00+00:00,ZONE-BILAT,GATE-06,comfort_index,89.0
2026-06-23T01:30:00+00:00,ZONE-BILAT,GATE-06,occupancy_pct,32.5
2026-06-23T01:30:00+00:00,ZONE-BILAT,GATE-06,people_count,39.0
2026-06-23T01:30:00+00:00,ZONE-BILAT,GATE-06,density_index,0.53
2026-06-23T01:30:00+00:00,ZONE-BILAT,GATE-06,utilization_m2_pct,30.0
2026-06-23T01:30:00+00:00,ZONE-BILAT,GATE-06,comfort_index,78.1
2026-06-23T01:45:00+00:00,ZONE-BILAT,GATE-06,occupancy_pct,25.0
2026-06-23T01:45:00+00:00,ZONE-BILAT,GATE-06,people_count,30.0
2026-06-23T01:45:00+00:00,ZONE-BILAT,GATE-06,density_index,0.44
2026-06-23T01:45:00+00:00,ZONE-BILAT,GATE-06,utilization_m2_pct,24.3
2026-06-23T01:45:00+00:00,ZONE-BILAT,GATE-06,comfort_index,79.0
2026-06-23T02:00:00+00:00,ZONE-BILAT,GATE-06,occupancy_pct,20.8
2026-06-23T02:00:00+00:00,ZONE-BILAT,GATE-06,people_count,25.0
2026-06-23T02:00:00+00:00,ZONE-BILAT,GATE-06,density_index,0.25
2026-06-23T02:00:00+00:00,ZONE-BILAT,GATE-06,utilization_m2_pct,18.5
2026-06-23T02:00:00+00:00,ZONE-BILAT,GATE-06,comfort_index,87.3
2026-06-23T02:15:00+00:00,ZONE-BILAT,GATE-06,occupancy_pct,31.5
2026-06-23T02:15:00+00:00,ZONE-BILAT,GATE-06,people_count,38.0
2026-06-23T02:15:00+00:00,ZONE-BILAT,GATE-06,density_index,0.29
2026-06-23T02:15:00+00:00,ZONE-BILAT,GATE-06,utilization_m2_pct,30.2
2026-06-23T02:15:00+00:00,ZONE-BILAT,GATE-06,comfort_index,79.9
2026-06-23T02:30:00+00:00,ZONE-BILAT,GATE-06,occupancy_pct,34.5
2026-06-23T02:30:00+00:00,ZONE-BILAT,GATE-06,people_count,41.0
2026-06-23T02:30:00+00:00,ZONE-BILAT,GATE-06,density_index,0.73
2026-06-23T02:30:00+00:00,ZONE-BILAT,GATE-06,utilization_m2_pct,32.2
2026-06-23T02:30:00+00:00,ZONE-BILAT,GATE-06,comfort_index,80.5
2026-06-23T02:45:00+00:00,ZONE-BILAT,GATE-06,occupancy_pct,32.1
2026-06-23T02:45:00+00:00,ZONE-BILAT,GATE-06,people_count,38.0
2026-06-23T02:45:00+00:00,ZONE-BILAT,GATE-06,density_index,0.42
2026-06-23T02:45:00+00:00,ZONE-BILAT,GATE-06,utilization_m2_pct,31.8
2026-06-23T02:45:00+00:00,ZONE-BILAT,GATE-06,comfort_index,76.3
2026-06-23T03:00:00+00:00,ZONE-BILAT,GATE-06,occupancy_pct,29.0
2026-06-23T03:00:00+00:00,ZONE-BILAT,GATE-06,people_count,35.0
2026-06-23T03:00:00+00:00,ZONE-BILAT,GATE-06,density_index,0.28
2026-06-23T03:00:00+00:00,ZONE-BILAT,GATE-06,utilization_m2_pct,28.6
2026-06-23T03:00:00+00:00,ZONE-BILAT,GATE-06,comfort_index,76.1
2026-06-23T03:15:00+00:00,ZONE-BILAT,GATE-06,occupancy_pct,44.5
2026-06-23T03:15:00+00:00,ZONE-BILAT,GATE-06,people_count,53.0
2026-06-23T03:15:00+00:00,ZONE-BILAT,GATE-06,density_index,0.48
2026-06-23T03:15:00+00:00,ZONE-BILAT,GATE-06,utilization_m2_pct,42.3
2026-06-23T03:15:00+00:00,ZONE-BILAT,GATE-06,comfort_index,70.6
2026-06-23T03:30:00+00:00,ZONE-BILAT,GATE-06,occupancy_pct,33.1
2026-06-23T03:30:00+00:00,ZONE-BILAT,GATE-06,people_count,40.0
2026-06-23T03:30:00+00:00,ZONE-BILAT,GATE-06,density_index,0.58
2026-06-23T03:30:00+00:00,ZONE-BILAT,GATE-06,utilization_m2_pct,31.6
2026-06-23T03:30:00+00:00,ZONE-BILAT,GATE-06,comfort_index,75.6
2026-06-23T03:45:00+00:00,ZONE-BILAT,GATE-06,occupancy_pct,43.6
2026-06-23T03:45:00+00:00,ZONE-BILAT,GATE-06,people_count,52.0
2026-06-23T03:45:00+00:00,ZONE-BILAT,GATE-06,density_index,0.45
2026-06-23T03:45:00+00:00,ZONE-BILAT,GATE-06,utilization_m2_pct,39.5
2026-06-23T03:45:00+00:00,ZONE-BILAT,GATE-06,comfort_index,75.4
2026-06-23T04:00:00+00:00,ZONE-BILAT,GATE-06,occupancy_pct,33.8
2026-06-23T04:00:00+00:00,ZONE-BILAT,GATE-06,people_count,41.0
2026-06-23T04:00:00+00:00,ZONE-BILAT,GATE-06,density_index,0.85
2026-06-23T04:00:00+00:00,ZONE-BILAT,GATE-06,utilization_m2_pct,32.8
2026-06-23T04:00:00+00:00,ZONE-BILAT,GATE-06,comfort_index,77.8
2026-06-23T04:15:00+00:00,ZONE-BILAT,GATE-06,occupancy_pct,36.6
2026-06-23T04:15:00+00:00,ZONE-BILAT,GATE-06,people_count,44.0
2026-06-23T04:15:00+00:00,ZONE-BILAT,GATE-06,density_index,0.44
2026-06-23T04:15:00+00:00,ZONE-BILAT,GATE-06,utilization_m2_pct,32.7
2026-06-23T04:15:00+00:00,ZONE-BILAT,GATE-06,comfort_index,80.5
2026-06-23T04:30:00+00:00,ZONE-BILAT,GATE-06,occupancy_pct,38.9
2026-06-23T04:30:00+00:00,ZONE-BILAT,GATE-06,people_count,47.0
2026-06-23T04:30:00+00:00,ZONE-BILAT,GATE-06,density_index,0.38
2026-06-23T04:30:00+00:00,ZONE-BILAT,GATE-06,utilization_m2_pct,35.4
2026-06-23T04:30:00+00:00,ZONE-BILAT,GATE-06,comfort_index,71.3
2026-06-23T04:45:00+00:00,ZONE-BILAT,GATE-06,occupancy_pct,44.2
2026-06-23T04:45:00+00:00,ZONE-BILAT,GATE-06,people_count,53.0
2026-06-23T04:45:00+00:00,ZONE-BILAT,GATE-06,density_index,0.79
2026-06-23T04:45:00+00:00,ZONE-BILAT,GATE-06,utilization_m2_pct,39.1
2026-06-23T04:45:00+00:00,ZONE-BILAT,GATE-06,comfort_index,68.4
2026-06-23T05:00:00+00:00,ZONE-BILAT,GATE-06,occupancy_pct,39.6
2026-06-23T05:00:00+00:00,ZONE-BILAT,GATE-06,people_count,48.0
2026-06-23T05:00:00+00:00,ZONE-BILAT,GATE-06,density_index,0.43
2026-06-23T05:00:00+00:00,ZONE-BILAT,GATE-06,utilization_m2_pct,36.0
2026-06-23T05:00:00+00:00,ZONE-BILAT,GATE-06,comfort_index,71.0
2026-06-23T05:15:00+00:00,ZONE-BILAT,GATE-06,occupancy_pct,43.2
2026-06-23T05:15:00+00:00,ZONE-BILAT,GATE-06,people_count,52.0
2026-06-23T05:15:00+00:00,ZONE-BILAT,GATE-06,density_index,0.95
2026-06-23T05:15:00+00:00,ZONE-BILAT,GATE-06,utilization_m2_pct,40.8
2026-06-23T05:15:00+00:00,ZONE-BILAT,GATE-06,comfort_index,69.6
2026-06-23T05:30:00+00:00,ZONE-BILAT,GATE-06,occupancy_pct,49.0
2026-06-23T05:30:00+00:00,ZONE-BILAT,GATE-06,people_count,59.0
2026-06-23T05:30:00+00:00,ZONE-BILAT,GATE-06,density_index,0.87
2026-06-23T05:30:00+00:00,ZONE-BILAT,GATE-06,utilization_m2_pct,43.6
2026-06-23T05:30:00+00:00,ZONE-BILAT,GATE-06,comfort_index,68.3
2026-06-23T05:45:00+00:00,ZONE-BILAT,GATE-06,occupancy_pct,47.0
2026-06-23T05:45:00+00:00,ZONE-BILAT,GATE-06,people_count,56.0
2026-06-23T05:45:00+00:00,ZONE-BILAT,GATE-06,density_index,0.65
2026-06-23T05:45:00+00:00,ZONE-BILAT,GATE-06,utilization_m2_pct,43.1
2026-06-23T05:45:00+00:00,ZONE-BILAT,GATE-06,comfort_index,66.0
2026-06-23T06:00:00+00:00,ZONE-BILAT,GATE-06,occupancy_pct,46.6
2026-06-23T06:00:00+00:00,ZONE-BILAT,GATE-06,people_count,56.0
2026-06-23T06:00:00+00:00,ZONE-BILAT,GATE-06,density_index,0.9
2026-06-23T06:00:00+00:00,ZONE-BILAT,GATE-06,utilization_m2_pct,40.9
2026-06-23T06:00:00+00:00,ZONE-BILAT,GATE-06,comfort_index,65.5
2026-06-23T06:15:00+00:00,ZONE-BILAT,GATE-06,occupancy_pct,49.7
2026-06-23T06:15:00+00:00,ZONE-BILAT,GATE-06,people_count,60.0
2026-06-23T06:15:00+00:00,ZONE-BILAT,GATE-06,density_index,0.76
2026-06-23T06:15:00+00:00,ZONE-BILAT,GATE-06,utilization_m2_pct,47.3
2026-06-23T06:15:00+00:00,ZONE-BILAT,GATE-06,comfort_index,70.3
2026-06-23T06:30:00+00:00,ZONE-BILAT,GATE-06,occupancy_pct,40.0
2026-06-23T06:30:00+00:00,ZONE-BILAT,GATE-06,people_count,48.0
2026-06-23T06:30:00+00:00,ZONE-BILAT,GATE-06,density_index,0.44
2026-06-23T06:30:00+00:00,ZONE-BILAT,GATE-06,utilization_m2_pct,38.7
2026-06-23T06:30:00+00:00,ZONE-BILAT,GATE-06,comfort_index,76.6
2026-06-23T06:45:00+00:00,ZONE-BILAT,GATE-06,occupancy_pct,47.4
2026-06-23T06:45:00+00:00,ZONE-BILAT,GATE-06,people_count,57.0
2026-06-23T06:45:00+00:00,ZONE-BILAT,GATE-06,density_index,0.73
2026-06-23T06:45:00+00:00,ZONE-BILAT,GATE-06,utilization_m2_pct,47.2
2026-06-23T06:45:00+00:00,ZONE-BILAT,GATE-06,comfort_index,68.4
2026-06-23T07:00:00+00:00,ZONE-BILAT,GATE-06,occupancy_pct,50.3
2026-06-23T07:00:00+00:00,ZONE-BILAT,GATE-06,people_count,60.0
2026-06-23T07:00:00+00:00,ZONE-BILAT,GATE-06,density_index,0.59
2026-06-23T07:00:00+00:00,ZONE-BILAT,GATE-06,utilization_m2_pct,44.9
2026-06-23T07:00:00+00:00,ZONE-BILAT,GATE-06,comfort_index,65.2
2026-06-23T07:15:00+00:00,ZONE-BILAT,GATE-06,occupancy_pct,42.9
2026-06-23T07:15:00+00:00,ZONE-BILAT,GATE-06,people_count,52.0
2026-06-23T07:15:00+00:00,ZONE-BILAT,GATE-06,density_index,0.79
2026-06-23T07:15:00+00:00,ZONE-BILAT,GATE-06,utilization_m2_pct,42.6
2026-06-23T07:15:00+00:00,ZONE-BILAT,GATE-06,comfort_index,69.2
2026-06-23T07:30:00+00:00,ZONE-BILAT,GATE-06,occupancy_pct,49.8
2026-06-23T07:30:00+00:00,ZONE-BILAT,GATE-06,people_count,60.0
2026-06-23T07:30:00+00:00,ZONE-BILAT,GATE-06,density_index,0.69
2026-06-23T07:30:00+00:00,ZONE-BILAT,GATE-06,utilization_m2_pct,45.1
2026-06-23T07:30:00+00:00,ZONE-BILAT,GATE-06,comfort_index,64.6
2026-06-23T07:45:00+00:00,ZONE-BILAT,GATE-06,occupancy_pct,51.5
2026-06-23T07:45:00+00:00,ZONE-BILAT,GATE-06,people_count,62.0
2026-06-23T07:45:00+00:00,ZONE-BILAT,GATE-06,density_index,0.65
2026-06-23T07:45:00+00:00,ZONE-BILAT,GATE-06,utilization_m2_pct,51.3
2026-06-23T07:45:00+00:00,ZONE-BILAT,GATE-06,comfort_index,67.5
2026-06-23T08:00:00+00:00,ZONE-BILAT,GATE-06,occupancy_pct,52.3
2026-06-23T08:00:00+00:00,ZONE-BILAT,GATE-06,people_count,63.0
2026-06-23T08:00:00+00:00,ZONE-BILAT,GATE-06,density_index,0.61
2026-06-23T08:00:00+00:00,ZONE-BILAT,GATE-06,utilization_m2_pct,46.2
2026-06-23T08:00:00+00:00,ZONE-BILAT,GATE-06,comfort_index,63.9
2026-06-23T08:15:00+00:00,ZONE-BILAT,GATE-06,occupancy_pct,50.7
2026-06-23T08:15:00+00:00,ZONE-BILAT,GATE-06,people_count,61.0
2026-06-23T08:15:00+00:00,ZONE-BILAT,GATE-06,density_index,0.9
2026-06-23T08:15:00+00:00,ZONE-BILAT,GATE-06,utilization_m2_pct,46.4
2026-06-23T08:15:00+00:00,ZONE-BILAT,GATE-06,comfort_index,62.7
2026-06-23T08:30:00+00:00,ZONE-BILAT,GATE-06,occupancy_pct,53.1
2026-06-23T08:30:00+00:00,ZONE-BILAT,GATE-06,people_count,64.0
2026-06-23T08:30:00+00:00,ZONE-BILAT,GATE-06,density_index,0.84
2026-06-23T08:30:00+00:00,ZONE-BILAT,GATE-06,utilization_m2_pct,45.5
2026-06-23T08:30:00+00:00,ZONE-BILAT,GATE-06,comfort_index,64.8
2026-06-23T08:45:00+00:00,ZONE-BILAT,GATE-06,occupancy_pct,39.7
2026-06-23T08:45:00+00:00,ZONE-BILAT,GATE-06,people_count,48.0
2026-06-23T08:45:00+00:00,ZONE-BILAT,GATE-06,density_index,0.68
2026-06-23T08:45:00+00:00,ZONE-BILAT,GATE-06,utilization_m2_pct,36.4
2026-06-23T08:45:00+00:00,ZONE-BILAT,GATE-06,comfort_index,76.5
2026-06-23T09:00:00+00:00,ZONE-BILAT,GATE-06,occupancy_pct,43.1
2026-06-23T09:00:00+00:00,ZONE-BILAT,GATE-06,people_count,52.0
2026-06-23T09:00:00+00:00,ZONE-BILAT,GATE-06,density_index,0.87
2026-06-23T09:00:00+00:00,ZONE-BILAT,GATE-06,utilization_m2_pct,42.0
2026-06-23T09:00:00+00:00,ZONE-BILAT,GATE-06,comfort_index,68.7
2026-06-23T09:15:00+00:00,ZONE-BILAT,GATE-06,occupancy_pct,51.8
2026-06-23T09:15:00+00:00,ZONE-BILAT,GATE-06,people_count,62.0
2026-06-23T09:15:00+00:00,ZONE-BILAT,GATE-06,density_index,0.85
2026-06-23T09:15:00+00:00,ZONE-BILAT,GATE-06,utilization_m2_pct,48.4
2026-06-23T09:15:00+00:00,ZONE-BILAT,GATE-06,comfort_index,63.3
2026-06-23T09:30:00+00:00,ZONE-BILAT,GATE-06,occupancy_pct,52.6
2026-06-23T09:30:00+00:00,ZONE-BILAT,GATE-06,people_count,63.0
2026-06-23T09:30:00+00:00,ZONE-BILAT,GATE-06,density_index,0.9
2026-06-23T09:30:00+00:00,ZONE-BILAT,GATE-06,utilization_m2_pct,47.2
2026-06-23T09:30:00+00:00,ZONE-BILAT,GATE-06,comfort_index,63.0
2026-06-23T09:45:00+00:00,ZONE-BILAT,GATE-06,occupancy_pct,51.6
2026-06-23T09:45:00+00:00,ZONE-BILAT,GATE-06,people_count,62.0
2026-06-23T09:45:00+00:00,ZONE-BILAT,GATE-06,density_index,0.7
2026-06-23T09:45:00+00:00,ZONE-BILAT,GATE-06,utilization_m2_pct,49.5
2026-06-23T09:45:00+00:00,ZONE-BILAT,GATE-06,comfort_index,61.0
2026-06-23T10:00:00+00:00,ZONE-BILAT,GATE-06,occupancy_pct,49.0
2026-06-23T10:00:00+00:00,ZONE-BILAT,GATE-06,people_count,59.0
2026-06-23T10:00:00+00:00,ZONE-BILAT,GATE-06,density_index,0.95
2026-06-23T10:00:00+00:00,ZONE-BILAT,GATE-06,utilization_m2_pct,44.5
2026-06-23T10:00:00+00:00,ZONE-BILAT,GATE-06,comfort_index,66.5
2026-06-23T10:15:00+00:00,ZONE-BILAT,GATE-06,occupancy_pct,51.5
2026-06-23T10:15:00+00:00,ZONE-BILAT,GATE-06,people_count,62.0
2026-06-23T10:15:00+00:00,ZONE-BILAT,GATE-06,density_index,0.42
2026-06-23T10:15:00+00:00,ZONE-BILAT,GATE-06,utilization_m2_pct,44.2
2026-06-23T10:15:00+00:00,ZONE-BILAT,GATE-06,comfort_index,65.0
2026-06-23T10:30:00+00:00,ZONE-BILAT,GATE-06,occupancy_pct,46.6
2026-06-23T10:30:00+00:00,ZONE-BILAT,GATE-06,people_count,56.0
2026-06-23T10:30:00+00:00,ZONE-BILAT,GATE-06,density_index,1.01
2026-06-23T10:30:00+00:00,ZONE-BILAT,GATE-06,utilization_m2_pct,39.8
2026-06-23T10:30:00+00:00,ZONE-BILAT,GATE-06,comfort_index,78.2
2026-06-23T10:45:00+00:00,ZONE-BILAT,GATE-06,occupancy_pct,46.7
2026-06-23T10:45:00+00:00,ZONE-BILAT,GATE-06,people_count,56.0
2026-06-23T10:45:00+00:00,ZONE-BILAT,GATE-06,density_index,0.67
2026-06-23T10:45:00+00:00,ZONE-BILAT,GATE-06,utilization_m2_pct,41.3
2026-06-23T10:45:00+00:00,ZONE-BILAT,GATE-06,comfort_index,70.6
2026-06-23T11:00:00+00:00,ZONE-BILAT,GATE-06,occupancy_pct,58.4
2026-06-23T11:00:00+00:00,ZONE-BILAT,GATE-06,people_count,70.0
2026-06-23T11:00:00+00:00,ZONE-BILAT,GATE-06,density_index,0.71
2026-06-23T11:00:00+00:00,ZONE-BILAT,GATE-06,utilization_m2_pct,54.0
2026-06-23T11:00:00+00:00,ZONE-BILAT,GATE-06,comfort_index,63.2
2026-06-23T11:15:00+00:00,ZONE-BILAT,GATE-06,occupancy_pct,49.7
2026-06-23T11:15:00+00:00,ZONE-BILAT,GATE-06,people_count,60.0
2026-06-23T11:15:00+00:00,ZONE-BILAT,GATE-06,density_index,0.56
2026-06-23T11:15:00+00:00,ZONE-BILAT,GATE-06,utilization_m2_pct,46.9
2026-06-23T11:15:00+00:00,ZONE-BILAT,GATE-06,comfort_index,69.3
2026-06-23T11:30:00+00:00,ZONE-BILAT,GATE-06,occupancy_pct,56.5
2026-06-23T11:30:00+00:00,ZONE-BILAT,GATE-06,people_count,68.0
2026-06-23T11:30:00+00:00,ZONE-BILAT,GATE-06,density_index,1.14
2026-06-23T11:30:00+00:00,ZONE-BILAT,GATE-06,utilization_m2_pct,50.2
2026-06-23T11:30:00+00:00,ZONE-BILAT,GATE-06,comfort_index,62.0
2026-06-23T11:45:00+00:00,ZONE-BILAT,GATE-06,occupancy_pct,56.7
2026-06-23T11:45:00+00:00,ZONE-BILAT,GATE-06,people_count,68.0
2026-06-23T11:45:00+00:00,ZONE-BILAT,GATE-06,density_index,0.69
2026-06-23T11:45:00+00:00,ZONE-BILAT,GATE-06,utilization_m2_pct,53.3
2026-06-23T11:45:00+00:00,ZONE-BILAT,GATE-06,comfort_index,60.3
2026-06-23T12:00:00+00:00,ZONE-BILAT,GATE-06,occupancy_pct,42.3
2026-06-23T12:00:00+00:00,ZONE-BILAT,GATE-06,people_count,51.0
2026-06-23T12:00:00+00:00,ZONE-BILAT,GATE-06,density_index,0.43
2026-06-23T12:00:00+00:00,ZONE-BILAT,GATE-06,utilization_m2_pct,38.3
2026-06-23T12:00:00+00:00,ZONE-BILAT,GATE-06,comfort_index,72.8
2026-06-23T12:15:00+00:00,ZONE-BILAT,GATE-06,occupancy_pct,51.1
2026-06-23T12:15:00+00:00,ZONE-BILAT,GATE-06,people_count,61.0
2026-06-23T12:15:00+00:00,ZONE-BILAT,GATE-06,density_index,0.76
2026-06-23T12:15:00+00:00,ZONE-BILAT,GATE-06,utilization_m2_pct,50.8
2026-06-23T12:15:00+00:00,ZONE-BILAT,GATE-06,comfort_index,69.1
2026-06-23T12:30:00+00:00,ZONE-BILAT,GATE-06,occupancy_pct,52.6
2026-06-23T12:30:00+00:00,ZONE-BILAT,GATE-06,people_count,63.0
2026-06-23T12:30:00+00:00,ZONE-BILAT,GATE-06,density_index,0.96
2026-06-23T12:30:00+00:00,ZONE-BILAT,GATE-06,utilization_m2_pct,52.3
2026-06-23T12:30:00+00:00,ZONE-BILAT,GATE-06,comfort_index,65.0
2026-06-23T12:45:00+00:00,ZONE-BILAT,GATE-06,occupancy_pct,43.4
2026-06-23T12:45:00+00:00,ZONE-BILAT,GATE-06,people_count,52.0
2026-06-23T12:45:00+00:00,ZONE-BILAT,GATE-06,density_index,0.77
2026-06-23T12:45:00+00:00,ZONE-BILAT,GATE-06,utilization_m2_pct,41.5
2026-06-23T12:45:00+00:00,ZONE-BILAT,GATE-06,comfort_index,69.6
2026-06-23T13:00:00+00:00,ZONE-BILAT,GATE-06,occupancy_pct,50.3
2026-06-23T13:00:00+00:00,ZONE-BILAT,GATE-06,people_count,60.0
2026-06-23T13:00:00+00:00,ZONE-BILAT,GATE-06,density_index,0.67
2026-06-23T13:00:00+00:00,ZONE-BILAT,GATE-06,utilization_m2_pct,43.3
2026-06-23T13:00:00+00:00,ZONE-BILAT,GATE-06,comfort_index,74.8
2026-06-23T13:15:00+00:00,ZONE-BILAT,GATE-06,occupancy_pct,48.9
2026-06-23T13:15:00+00:00,ZONE-BILAT,GATE-06,people_count,59.0
2026-06-23T13:15:00+00:00,ZONE-BILAT,GATE-06,density_index,0.85
2026-06-23T13:15:00+00:00,ZONE-BILAT,GATE-06,utilization_m2_pct,48.5
2026-06-23T13:15:00+00:00,ZONE-BILAT,GATE-06,comfort_index,65.6
2026-06-23T13:30:00+00:00,ZONE-BILAT,GATE-06,occupancy_pct,45.8
2026-06-23T13:30:00+00:00,ZONE-BILAT,GATE-06,people_count,55.0
2026-06-23T13:30:00+00:00,ZONE-BILAT,GATE-06,density_index,0.64
2026-06-23T13:30:00+00:00,ZONE-BILAT,GATE-06,utilization_m2_pct,45.4
2026-06-23T13:30:00+00:00,ZONE-BILAT,GATE-06,comfort_index,74.7
2026-06-23T13:45:00+00:00,ZONE-BILAT,GATE-06,occupancy_pct,48.9
2026-06-23T13:45:00+00:00,ZONE-BILAT,GATE-06,people_count,59.0
2026-06-23T13:45:00+00:00,ZONE-BILAT,GATE-06,density_index,0.92
2026-06-23T13:45:00+00:00,ZONE-BILAT,GATE-06,utilization_m2_pct,43.2
2026-06-23T13:45:00+00:00,ZONE-BILAT,GATE-06,comfort_index,69.2
2026-06-23T14:00:00+00:00,ZONE-BILAT,GATE-06,occupancy_pct,39.0
2026-06-23T14:00:00+00:00,ZONE-BILAT,GATE-06,people_count,47.0
2026-06-23T14:00:00+00:00,ZONE-BILAT,GATE-06,density_index,0.6
2026-06-23T14:00:00+00:00,ZONE-BILAT,GATE-06,utilization_m2_pct,38.3
2026-06-23T14:00:00+00:00,ZONE-BILAT,GATE-06,comfort_index,72.3
2026-06-23T14:15:00+00:00,ZONE-BILAT,GATE-06,occupancy_pct,42.5
2026-06-23T14:15:00+00:00,ZONE-BILAT,GATE-06,people_count,51.0
2026-06-23T14:15:00+00:00,ZONE-BILAT,GATE-06,density_index,0.46
2026-06-23T14:15:00+00:00,ZONE-BILAT,GATE-06,utilization_m2_pct,38.2
2026-06-23T14:15:00+00:00,ZONE-BILAT,GATE-06,comfort_index,70.7
2026-06-23T14:30:00+00:00,ZONE-BILAT,GATE-06,occupancy_pct,41.7
2026-06-23T14:30:00+00:00,ZONE-BILAT,GATE-06,people_count,50.0
2026-06-23T14:30:00+00:00,ZONE-BILAT,GATE-06,density_index,0.8
2026-06-23T14:30:00+00:00,ZONE-BILAT,GATE-06,utilization_m2_pct,35.9
2026-06-23T14:30:00+00:00,ZONE-BILAT,GATE-06,comfort_index,72.2
2026-06-23T14:45:00+00:00,ZONE-BILAT,GATE-06,occupancy_pct,43.6
2026-06-23T14:45:00+00:00,ZONE-BILAT,GATE-06,people_count,52.0
2026-06-23T14:45:00+00:00,ZONE-BILAT,GATE-06,density_index,0.81
2026-06-23T14:45:00+00:00,ZONE-BILAT,GATE-06,utilization_m2_pct,40.2
2026-06-23T14:45:00+00:00,ZONE-BILAT,GATE-06,comfort_index,72.4
2026-06-23T15:00:00+00:00,ZONE-BILAT,GATE-06,occupancy_pct,46.5
2026-06-23T15:00:00+00:00,ZONE-BILAT,GATE-06,people_count,56.0
2026-06-23T15:00:00+00:00,ZONE-BILAT,GATE-06,density_index,0.84
2026-06-23T15:00:00+00:00,ZONE-BILAT,GATE-06,utilization_m2_pct,40.1
2026-06-23T15:00:00+00:00,ZONE-BILAT,GATE-06,comfort_index,72.0
2026-06-23T15:15:00+00:00,ZONE-BILAT,GATE-06,occupancy_pct,49.8
2026-06-23T15:15:00+00:00,ZONE-BILAT,GATE-06,people_count,60.0
2026-06-23T15:15:00+00:00,ZONE-BILAT,GATE-06,density_index,0.85
2026-06-23T15:15:00+00:00,ZONE-BILAT,GATE-06,utilization_m2_pct,47.0
2026-06-23T15:15:00+00:00,ZONE-BILAT,GATE-06,comfort_index,66.3
2026-06-23T15:30:00+00:00,ZONE-BILAT,GATE-06,occupancy_pct,38.2
2026-06-23T15:30:00+00:00,ZONE-BILAT,GATE-06,people_count,46.0
2026-06-23T15:30:00+00:00,ZONE-BILAT,GATE-06,density_index,0.75
2026-06-23T15:30:00+00:00,ZONE-BILAT,GATE-06,utilization_m2_pct,35.2
2026-06-23T15:30:00+00:00,ZONE-BILAT,GATE-06,comfort_index,78.1
2026-06-23T15:45:00+00:00,ZONE-BILAT,GATE-06,occupancy_pct,40.5
2026-06-23T15:45:00+00:00,ZONE-BILAT,GATE-06,people_count,49.0
2026-06-23T15:45:00+00:00,ZONE-BILAT,GATE-06,density_index,0.76
2026-06-23T15:45:00+00:00,ZONE-BILAT,GATE-06,utilization_m2_pct,39.0
2026-06-23T15:45:00+00:00,ZONE-BILAT,GATE-06,comfort_index,72.7
2026-06-23T16:00:00+00:00,ZONE-BILAT,GATE-06,occupancy_pct,34.5
2026-06-23T16:00:00+00:00,ZONE-BILAT,GATE-06,people_count,41.0
2026-06-23T16:00:00+00:00,ZONE-BILAT,GATE-06,density_index,0.48
2026-06-23T16:00:00+00:00,ZONE-BILAT,GATE-06,utilization_m2_pct,29.8
2026-06-23T16:00:00+00:00,ZONE-BILAT,GATE-06,comfort_index,78.1
2026-06-23T16:15:00+00:00,ZONE-BILAT,GATE-06,occupancy_pct,42.9
2026-06-23T16:15:00+00:00,ZONE-BILAT,GATE-06,people_count,51.0
2026-06-23T16:15:00+00:00,ZONE-BILAT,GATE-06,density_index,0.42
2026-06-23T16:15:00+00:00,ZONE-BILAT,GATE-06,utilization_m2_pct,37.2
2026-06-23T16:15:00+00:00,ZONE-BILAT,GATE-06,comfort_index,74.5
2026-06-23T16:30:00+00:00,ZONE-BILAT,GATE-06,occupancy_pct,39.2
2026-06-23T16:30:00+00:00,ZONE-BILAT,GATE-06,people_count,47.0
2026-06-23T16:30:00+00:00,ZONE-BILAT,GATE-06,density_index,0.76
2026-06-23T16:30:00+00:00,ZONE-BILAT,GATE-06,utilization_m2_pct,34.6
2026-06-23T16:30:00+00:00,ZONE-BILAT,GATE-06,comfort_index,76.6
2026-06-23T16:45:00+00:00,ZONE-BILAT,GATE-06,occupancy_pct,44.8
2026-06-23T16:45:00+00:00,ZONE-BILAT,GATE-06,people_count,54.0
2026-06-23T16:45:00+00:00,ZONE-BILAT,GATE-06,density_index,0.58
2026-06-23T16:45:00+00:00,ZONE-BILAT,GATE-06,utilization_m2_pct,42.2
2026-06-23T16:45:00+00:00,ZONE-BILAT,GATE-06,comfort_index,69.5
2026-06-23T17:00:00+00:00,ZONE-BILAT,GATE-06,occupancy_pct,30.0
2026-06-23T17:00:00+00:00,ZONE-BILAT,GATE-06,people_count,36.0
2026-06-23T17:00:00+00:00,ZONE-BILAT,GATE-06,density_index,0.23
2026-06-23T17:00:00+00:00,ZONE-BILAT,GATE-06,utilization_m2_pct,28.6
2026-06-23T17:00:00+00:00,ZONE-BILAT,GATE-06,comfort_index,81.9
2026-06-23T17:15:00+00:00,ZONE-BILAT,GATE-06,occupancy_pct,31.2
2026-06-23T17:15:00+00:00,ZONE-BILAT,GATE-06,people_count,37.0
2026-06-23T17:15:00+00:00,ZONE-BILAT,GATE-06,density_index,0.38
2026-06-23T17:15:00+00:00,ZONE-BILAT,GATE-06,utilization_m2_pct,30.9
2026-06-23T17:15:00+00:00,ZONE-BILAT,GATE-06,comfort_index,84.6
2026-06-23T17:30:00+00:00,ZONE-BILAT,GATE-06,occupancy_pct,30.4
2026-06-23T17:30:00+00:00,ZONE-BILAT,GATE-06,people_count,36.0
2026-06-23T17:30:00+00:00,ZONE-BILAT,GATE-06,density_index,0.24
2026-06-23T17:30:00+00:00,ZONE-BILAT,GATE-06,utilization_m2_pct,30.1
2026-06-23T17:30:00+00:00,ZONE-BILAT,GATE-06,comfort_index,76.1
2026-06-23T17:45:00+00:00,ZONE-BILAT,GATE-06,occupancy_pct,33.1
2026-06-23T17:45:00+00:00,ZONE-BILAT,GATE-06,people_count,40.0
2026-06-23T17:45:00+00:00,ZONE-BILAT,GATE-06,density_index,0.51
2026-06-23T17:45:00+00:00,ZONE-BILAT,GATE-06,utilization_m2_pct,31.1
2026-06-23T17:45:00+00:00,ZONE-BILAT,GATE-06,comfort_index,82.7
2026-06-23T18:00:00+00:00,ZONE-BILAT,GATE-06,occupancy_pct,34.6
2026-06-23T18:00:00+00:00,ZONE-BILAT,GATE-06,people_count,42.0
2026-06-23T18:00:00+00:00,ZONE-BILAT,GATE-06,density_index,0.48
2026-06-23T18:00:00+00:00,ZONE-BILAT,GATE-06,utilization_m2_pct,30.5
2026-06-23T18:00:00+00:00,ZONE-BILAT,GATE-06,comfort_index,79.0
2026-06-23T18:15:00+00:00,ZONE-BILAT,GATE-06,occupancy_pct,33.0
2026-06-23T18:15:00+00:00,ZONE-BILAT,GATE-06,people_count,40.0
2026-06-23T18:15:00+00:00,ZONE-BILAT,GATE-06,density_index,0.56
2026-06-23T18:15:00+00:00,ZONE-BILAT,GATE-06,utilization_m2_pct,32.0
2026-06-23T18:15:00+00:00,ZONE-BILAT,GATE-06,comfort_index,77.3
2026-06-23T18:30:00+00:00,ZONE-BILAT,GATE-06,occupancy_pct,20.0
2026-06-23T18:30:00+00:00,ZONE-BILAT,GATE-06,people_count,24.0
2026-06-23T18:30:00+00:00,ZONE-BILAT,GATE-06,density_index,0.55
2026-06-23T18:30:00+00:00,ZONE-BILAT,GATE-06,utilization_m2_pct,19.3
2026-06-23T18:30:00+00:00,ZONE-BILAT,GATE-06,comfort_index,90.6
2026-06-23T18:45:00+00:00,ZONE-BILAT,GATE-06,occupancy_pct,30.1
2026-06-23T18:45:00+00:00,ZONE-BILAT,GATE-06,people_count,36.0
2026-06-23T18:45:00+00:00,ZONE-BILAT,GATE-06,density_index,0.61
2026-06-23T18:45:00+00:00,ZONE-BILAT,GATE-06,utilization_m2_pct,25.7
2026-06-23T18:45:00+00:00,ZONE-BILAT,GATE-06,comfort_index,84.3
2026-06-23T19:00:00+00:00,ZONE-BILAT,GATE-06,occupancy_pct,24.3
2026-06-23T19:00:00+00:00,ZONE-BILAT,GATE-06,people_count,29.0
2026-06-23T19:00:00+00:00,ZONE-BILAT,GATE-06,density_index,0.29
2026-06-23T19:00:00+00:00,ZONE-BILAT,GATE-06,utilization_m2_pct,21.1
2026-06-23T19:00:00+00:00,ZONE-BILAT,GATE-06,comfort_index,82.0
2026-06-23T19:15:00+00:00,ZONE-BILAT,GATE-06,occupancy_pct,22.1
2026-06-23T19:15:00+00:00,ZONE-BILAT,GATE-06,people_count,27.0
2026-06-23T19:15:00+00:00,ZONE-BILAT,GATE-06,density_index,0.49
2026-06-23T19:15:00+00:00,ZONE-BILAT,GATE-06,utilization_m2_pct,20.7
2026-06-23T19:15:00+00:00,ZONE-BILAT,GATE-06,comfort_index,82.1
2026-06-23T19:30:00+00:00,ZONE-BILAT,GATE-06,occupancy_pct,24.6
2026-06-23T19:30:00+00:00,ZONE-BILAT,GATE-06,people_count,29.0
2026-06-23T19:30:00+00:00,ZONE-BILAT,GATE-06,density_index,0.27
2026-06-23T19:30:00+00:00,ZONE-BILAT,GATE-06,utilization_m2_pct,23.0
2026-06-23T19:30:00+00:00,ZONE-BILAT,GATE-06,comfort_index,84.0
2026-06-23T19:45:00+00:00,ZONE-BILAT,GATE-06,occupancy_pct,20.4
2026-06-23T19:45:00+00:00,ZONE-BILAT,GATE-06,people_count,24.0
2026-06-23T19:45:00+00:00,ZONE-BILAT,GATE-06,density_index,0.21
2026-06-23T19:45:00+00:00,ZONE-BILAT,GATE-06,utilization_m2_pct,17.8
2026-06-23T19:45:00+00:00,ZONE-BILAT,GATE-06,comfort_index,85.8
2026-06-23T20:00:00+00:00,ZONE-BILAT,GATE-06,occupancy_pct,25.2
2026-06-23T20:00:00+00:00,ZONE-BILAT,GATE-06,people_count,30.0
2026-06-23T20:00:00+00:00,ZONE-BILAT,GATE-06,density_index,0.53
2026-06-23T20:00:00+00:00,ZONE-BILAT,GATE-06,utilization_m2_pct,21.7
2026-06-23T20:00:00+00:00,ZONE-BILAT,GATE-06,comfort_index,80.2
2026-06-23T20:15:00+00:00,ZONE-BILAT,GATE-06,occupancy_pct,16.8
2026-06-23T20:15:00+00:00,ZONE-BILAT,GATE-06,people_count,20.0
2026-06-23T20:15:00+00:00,ZONE-BILAT,GATE-06,density_index,0.0
2026-06-23T20:15:00+00:00,ZONE-BILAT,GATE-06,utilization_m2_pct,15.8
2026-06-23T20:15:00+00:00,ZONE-BILAT,GATE-06,comfort_index,87.4
2026-06-23T20:30:00+00:00,ZONE-BILAT,GATE-06,occupancy_pct,21.5
2026-06-23T20:30:00+00:00,ZONE-BILAT,GATE-06,people_count,26.0
2026-06-23T20:30:00+00:00,ZONE-BILAT,GATE-06,density_index,0.06
2026-06-23T20:30:00+00:00,ZONE-BILAT,GATE-06,utilization_m2_pct,18.8
2026-06-23T20:30:00+00:00,ZONE-BILAT,GATE-06,comfort_index,89.3
2026-06-23T20:45:00+00:00,ZONE-BILAT,GATE-06,occupancy_pct,20.3
2026-06-23T20:45:00+00:00,ZONE-BILAT,GATE-06,people_count,24.0
2026-06-23T20:45:00+00:00,ZONE-BILAT,GATE-06,density_index,0.14
2026-06-23T20:45:00+00:00,ZONE-BILAT,GATE-06,utilization_m2_pct,18.3
2026-06-23T20:45:00+00:00,ZONE-BILAT,GATE-06,comfort_index,85.7
2026-06-23T21:00:00+00:00,ZONE-BILAT,GATE-06,occupancy_pct,22.7
2026-06-23T21:00:00+00:00,ZONE-BILAT,GATE-06,people_count,27.0
2026-06-23T21:00:00+00:00,ZONE-BILAT,GATE-06,density_index,0.16
2026-06-23T21:00:00+00:00,ZONE-BILAT,GATE-06,utilization_m2_pct,20.1
2026-06-23T21:00:00+00:00,ZONE-BILAT,GATE-06,comfort_index,86.3
2026-06-23T21:15:00+00:00,ZONE-BILAT,GATE-06,occupancy_pct,19.8
2026-06-23T21:15:00+00:00,ZONE-BILAT,GATE-06,people_count,24.0
2026-06-23T21:15:00+00:00,ZONE-BILAT,GATE-06,density_index,0.73
2026-06-23T21:15:00+00:00,ZONE-BILAT,GATE-06,utilization_m2_pct,17.1
2026-06-23T21:15:00+00:00,ZONE-BILAT,GATE-06,comfort_index,89.6
2026-06-23T21:30:00+00:00,ZONE-BILAT,GATE-06,occupancy_pct,22.9
2026-06-23T21:30:00+00:00,ZONE-BILAT,GATE-06,people_count,27.0
2026-06-23T21:30:00+00:00,ZONE-BILAT,GATE-06,density_index,0.42
2026-06-23T21:30:00+00:00,ZONE-BILAT,GATE-06,utilization_m2_pct,21.4
2026-06-23T21:30:00+00:00,ZONE-BILAT,GATE-06,comfort_index,82.8
2026-06-23T21:45:00+00:00,ZONE-BILAT,GATE-06,occupancy_pct,23.9
2026-06-23T21:45:00+00:00,ZONE-BILAT,GATE-06,people_count,29.0
2026-06-23T21:45:00+00:00,ZONE-BILAT,GATE-06,density_index,0.4
2026-06-23T21:45:00+00:00,ZONE-BILAT,GATE-06,utilization_m2_pct,22.1
2026-06-23T21:45:00+00:00,ZONE-BILAT,GATE-06,comfort_index,78.1
2026-06-23T22:00:00+00:00,ZONE-BILAT,GATE-06,occupancy_pct,22.4
2026-06-23T22:00:00+00:00,ZONE-BILAT,GATE-06,people_count,27.0
2026-06-23T22:00:00+00:00,ZONE-BILAT,GATE-06,density_index,0.22
2026-06-23T22:00:00+00:00,ZONE-BILAT,GATE-06,utilization_m2_pct,20.2
2026-06-23T22:00:00+00:00,ZONE-BILAT,GATE-06,comfort_index,84.2
2026-06-23T22:15:00+00:00,ZONE-BILAT,GATE-06,occupancy_pct,22.7
2026-06-23T22:15:00+00:00,ZONE-BILAT,GATE-06,people_count,27.0
2026-06-23T22:15:00+00:00,ZONE-BILAT,GATE-06,density_index,0.08
2026-06-23T22:15:00+00:00,ZONE-BILAT,GATE-06,utilization_m2_pct,22.6
2026-06-23T22:15:00+00:00,ZONE-BILAT,GATE-06,comfort_index,80.5
2026-06-23T22:30:00+00:00,ZONE-BILAT,GATE-06,occupancy_pct,22.7
2026-06-23T22:30:00+00:00,ZONE-BILAT,GATE-06,people_count,27.0
2026-06-23T22:30:00+00:00,ZONE-BILAT,GATE-06,density_index,0.43
2026-06-23T22:30:00+00:00,ZONE-BILAT,GATE-06,utilization_m2_pct,22.6
2026-06-23T22:30:00+00:00,ZONE-BILAT,GATE-06,comfort_index,80.2
2026-06-23T22:45:00+00:00,ZONE-BILAT,GATE-06,occupancy_pct,26.5
2026-06-23T22:45:00+00:00,ZONE-BILAT,GATE-06,people_count,32.0
2026-06-23T22:45:00+00:00,ZONE-BILAT,GATE-06,density_index,0.37
2026-06-23T22:45:00+00:00,ZONE-BILAT,GATE-06,utilization_m2_pct,22.8
2026-06-23T22:45:00+00:00,ZONE-BILAT,GATE-06,comfort_index,79.7
2026-06-23T23:00:00+00:00,ZONE-BILAT,GATE-06,occupancy_pct,18.9
2026-06-23T23:00:00+00:00,ZONE-BILAT,GATE-06,people_count,23.0
2026-06-23T23:00:00+00:00,ZONE-BILAT,GATE-06,density_index,0.21
2026-06-23T23:00:00+00:00,ZONE-BILAT,GATE-06,utilization_m2_pct,16.8
2026-06-23T23:00:00+00:00,ZONE-BILAT,GATE-06,comfort_index,85.3
2026-06-23T23:15:00+00:00,ZONE-BILAT,GATE-06,occupancy_pct,18.6
2026-06-23T23:15:00+00:00,ZONE-BILAT,GATE-06,people_count,22.0
2026-06-23T23:15:00+00:00,ZONE-BILAT,GATE-06,density_index,0.0
2026-06-23T23:15:00+00:00,ZONE-BILAT,GATE-06,utilization_m2_pct,17.0
2026-06-23T23:15:00+00:00,ZONE-BILAT,GATE-06,comfort_index,84.3
2026-06-23T23:30:00+00:00,ZONE-BILAT,GATE-06,occupancy_pct,14.1
2026-06-23T23:30:00+00:00,ZONE-BILAT,GATE-06,people_count,17.0
2026-06-23T23:30:00+00:00,ZONE-BILAT,GATE-06,density_index,0.19
2026-06-23T23:30:00+00:00,ZONE-BILAT,GATE-06,utilization_m2_pct,14.1
2026-06-23T23:30:00+00:00,ZONE-BILAT,GATE-06,comfort_index,88.6
2026-06-23T23:45:00+00:00,ZONE-BILAT,GATE-06,occupancy_pct,16.4
2026-06-23T23:45:00+00:00,ZONE-BILAT,GATE-06,people_count,20.0
2026-06-23T23:45:00+00:00,ZONE-BILAT,GATE-06,density_index,0.21
2026-06-23T23:45:00+00:00,ZONE-BILAT,GATE-06,utilization_m2_pct,15.2
2026-06-23T23:45:00+00:00,ZONE-BILAT,GATE-06,comfort_index,90.6
2026-06-23T00:00:00+00:00,ZONE-FOOD,GATE-07,occupancy_pct,32.5
2026-06-23T00:00:00+00:00,ZONE-FOOD,GATE-07,people_count,325.0
2026-06-23T00:00:00+00:00,ZONE-FOOD,GATE-07,density_index,1.48
2026-06-23T00:00:00+00:00,ZONE-FOOD,GATE-07,utilization_m2_pct,30.7
2026-06-23T00:00:00+00:00,ZONE-FOOD,GATE-07,comfort_index,73.3
2026-06-23T00:15:00+00:00,ZONE-FOOD,GATE-07,occupancy_pct,33.4
2026-06-23T00:15:00+00:00,ZONE-FOOD,GATE-07,people_count,334.0
2026-06-23T00:15:00+00:00,ZONE-FOOD,GATE-07,density_index,1.38
2026-06-23T00:15:00+00:00,ZONE-FOOD,GATE-07,utilization_m2_pct,31.3
2026-06-23T00:15:00+00:00,ZONE-FOOD,GATE-07,comfort_index,70.4
2026-06-23T00:30:00+00:00,ZONE-FOOD,GATE-07,occupancy_pct,30.9
2026-06-23T00:30:00+00:00,ZONE-FOOD,GATE-07,people_count,309.0
2026-06-23T00:30:00+00:00,ZONE-FOOD,GATE-07,density_index,1.64
2026-06-23T00:30:00+00:00,ZONE-FOOD,GATE-07,utilization_m2_pct,30.7
2026-06-23T00:30:00+00:00,ZONE-FOOD,GATE-07,comfort_index,72.9
2026-06-23T00:45:00+00:00,ZONE-FOOD,GATE-07,occupancy_pct,35.8
2026-06-23T00:45:00+00:00,ZONE-FOOD,GATE-07,people_count,358.0
2026-06-23T00:45:00+00:00,ZONE-FOOD,GATE-07,density_index,1.24
2026-06-23T00:45:00+00:00,ZONE-FOOD,GATE-07,utilization_m2_pct,31.9
2026-06-23T00:45:00+00:00,ZONE-FOOD,GATE-07,comfort_index,72.2
2026-06-23T01:00:00+00:00,ZONE-FOOD,GATE-07,occupancy_pct,28.0
2026-06-23T01:00:00+00:00,ZONE-FOOD,GATE-07,people_count,280.0
2026-06-23T01:00:00+00:00,ZONE-FOOD,GATE-07,density_index,1.68
2026-06-23T01:00:00+00:00,ZONE-FOOD,GATE-07,utilization_m2_pct,27.6
2026-06-23T01:00:00+00:00,ZONE-FOOD,GATE-07,comfort_index,75.7
2026-06-23T01:15:00+00:00,ZONE-FOOD,GATE-07,occupancy_pct,41.6
2026-06-23T01:15:00+00:00,ZONE-FOOD,GATE-07,people_count,416.0
2026-06-23T01:15:00+00:00,ZONE-FOOD,GATE-07,density_index,2.08
2026-06-23T01:15:00+00:00,ZONE-FOOD,GATE-07,utilization_m2_pct,40.4
2026-06-23T01:15:00+00:00,ZONE-FOOD,GATE-07,comfort_index,66.0
2026-06-23T01:30:00+00:00,ZONE-FOOD,GATE-07,occupancy_pct,43.7
2026-06-23T01:30:00+00:00,ZONE-FOOD,GATE-07,people_count,437.0
2026-06-23T01:30:00+00:00,ZONE-FOOD,GATE-07,density_index,2.36
2026-06-23T01:30:00+00:00,ZONE-FOOD,GATE-07,utilization_m2_pct,39.2
2026-06-23T01:30:00+00:00,ZONE-FOOD,GATE-07,comfort_index,65.5
2026-06-23T01:45:00+00:00,ZONE-FOOD,GATE-07,occupancy_pct,39.7
2026-06-23T01:45:00+00:00,ZONE-FOOD,GATE-07,people_count,397.0
2026-06-23T01:45:00+00:00,ZONE-FOOD,GATE-07,density_index,2.04
2026-06-23T01:45:00+00:00,ZONE-FOOD,GATE-07,utilization_m2_pct,37.9
2026-06-23T01:45:00+00:00,ZONE-FOOD,GATE-07,comfort_index,74.6
2026-06-23T02:00:00+00:00,ZONE-FOOD,GATE-07,occupancy_pct,39.3
2026-06-23T02:00:00+00:00,ZONE-FOOD,GATE-07,people_count,393.0
2026-06-23T02:00:00+00:00,ZONE-FOOD,GATE-07,density_index,1.67
2026-06-23T02:00:00+00:00,ZONE-FOOD,GATE-07,utilization_m2_pct,33.7
2026-06-23T02:00:00+00:00,ZONE-FOOD,GATE-07,comfort_index,63.7
2026-06-23T02:15:00+00:00,ZONE-FOOD,GATE-07,occupancy_pct,45.1
2026-06-23T02:15:00+00:00,ZONE-FOOD,GATE-07,people_count,451.0
2026-06-23T02:15:00+00:00,ZONE-FOOD,GATE-07,density_index,2.49
2026-06-23T02:15:00+00:00,ZONE-FOOD,GATE-07,utilization_m2_pct,42.5
2026-06-23T02:15:00+00:00,ZONE-FOOD,GATE-07,comfort_index,62.1
2026-06-23T02:30:00+00:00,ZONE-FOOD,GATE-07,occupancy_pct,42.5
2026-06-23T02:30:00+00:00,ZONE-FOOD,GATE-07,people_count,425.0
2026-06-23T02:30:00+00:00,ZONE-FOOD,GATE-07,density_index,2.24
2026-06-23T02:30:00+00:00,ZONE-FOOD,GATE-07,utilization_m2_pct,40.7
2026-06-23T02:30:00+00:00,ZONE-FOOD,GATE-07,comfort_index,64.0
2026-06-23T02:45:00+00:00,ZONE-FOOD,GATE-07,occupancy_pct,40.1
2026-06-23T02:45:00+00:00,ZONE-FOOD,GATE-07,people_count,401.0
2026-06-23T02:45:00+00:00,ZONE-FOOD,GATE-07,density_index,2.16
2026-06-23T02:45:00+00:00,ZONE-FOOD,GATE-07,utilization_m2_pct,34.5
2026-06-23T02:45:00+00:00,ZONE-FOOD,GATE-07,comfort_index,61.0
2026-06-23T03:00:00+00:00,ZONE-FOOD,GATE-07,occupancy_pct,39.6
2026-06-23T03:00:00+00:00,ZONE-FOOD,GATE-07,people_count,396.0
2026-06-23T03:00:00+00:00,ZONE-FOOD,GATE-07,density_index,2.06
2026-06-23T03:00:00+00:00,ZONE-FOOD,GATE-07,utilization_m2_pct,36.8
2026-06-23T03:00:00+00:00,ZONE-FOOD,GATE-07,comfort_index,67.1
2026-06-23T03:15:00+00:00,ZONE-FOOD,GATE-07,occupancy_pct,47.1
2026-06-23T03:15:00+00:00,ZONE-FOOD,GATE-07,people_count,471.0
2026-06-23T03:15:00+00:00,ZONE-FOOD,GATE-07,density_index,2.44
2026-06-23T03:15:00+00:00,ZONE-FOOD,GATE-07,utilization_m2_pct,43.4
2026-06-23T03:15:00+00:00,ZONE-FOOD,GATE-07,comfort_index,58.4
2026-06-23T03:30:00+00:00,ZONE-FOOD,GATE-07,occupancy_pct,47.6
2026-06-23T03:30:00+00:00,ZONE-FOOD,GATE-07,people_count,476.0
2026-06-23T03:30:00+00:00,ZONE-FOOD,GATE-07,density_index,2.1
2026-06-23T03:30:00+00:00,ZONE-FOOD,GATE-07,utilization_m2_pct,43.9
2026-06-23T03:30:00+00:00,ZONE-FOOD,GATE-07,comfort_index,61.2
2026-06-23T03:45:00+00:00,ZONE-FOOD,GATE-07,occupancy_pct,55.4
2026-06-23T03:45:00+00:00,ZONE-FOOD,GATE-07,people_count,554.0
2026-06-23T03:45:00+00:00,ZONE-FOOD,GATE-07,density_index,2.69
2026-06-23T03:45:00+00:00,ZONE-FOOD,GATE-07,utilization_m2_pct,55.3
2026-06-23T03:45:00+00:00,ZONE-FOOD,GATE-07,comfort_index,52.7
2026-06-23T04:00:00+00:00,ZONE-FOOD,GATE-07,occupancy_pct,53.9
2026-06-23T04:00:00+00:00,ZONE-FOOD,GATE-07,people_count,539.0
2026-06-23T04:00:00+00:00,ZONE-FOOD,GATE-07,density_index,2.98
2026-06-23T04:00:00+00:00,ZONE-FOOD,GATE-07,utilization_m2_pct,50.8
2026-06-23T04:00:00+00:00,ZONE-FOOD,GATE-07,comfort_index,49.4
2026-06-23T04:15:00+00:00,ZONE-FOOD,GATE-07,occupancy_pct,58.6
2026-06-23T04:15:00+00:00,ZONE-FOOD,GATE-07,people_count,586.0
2026-06-23T04:15:00+00:00,ZONE-FOOD,GATE-07,density_index,2.68
2026-06-23T04:15:00+00:00,ZONE-FOOD,GATE-07,utilization_m2_pct,52.1
2026-06-23T04:15:00+00:00,ZONE-FOOD,GATE-07,comfort_index,49.2
2026-06-23T04:30:00+00:00,ZONE-FOOD,GATE-07,occupancy_pct,54.2
2026-06-23T04:30:00+00:00,ZONE-FOOD,GATE-07,people_count,542.0
2026-06-23T04:30:00+00:00,ZONE-FOOD,GATE-07,density_index,2.81
2026-06-23T04:30:00+00:00,ZONE-FOOD,GATE-07,utilization_m2_pct,50.8
2026-06-23T04:30:00+00:00,ZONE-FOOD,GATE-07,comfort_index,54.4
2026-06-23T04:45:00+00:00,ZONE-FOOD,GATE-07,occupancy_pct,55.2
2026-06-23T04:45:00+00:00,ZONE-FOOD,GATE-07,people_count,552.0
2026-06-23T04:45:00+00:00,ZONE-FOOD,GATE-07,density_index,2.75
2026-06-23T04:45:00+00:00,ZONE-FOOD,GATE-07,utilization_m2_pct,51.7
2026-06-23T04:45:00+00:00,ZONE-FOOD,GATE-07,comfort_index,56.2
2026-06-23T05:00:00+00:00,ZONE-FOOD,GATE-07,occupancy_pct,56.2
2026-06-23T05:00:00+00:00,ZONE-FOOD,GATE-07,people_count,562.0
2026-06-23T05:00:00+00:00,ZONE-FOOD,GATE-07,density_index,2.41
2026-06-23T05:00:00+00:00,ZONE-FOOD,GATE-07,utilization_m2_pct,55.9
2026-06-23T05:00:00+00:00,ZONE-FOOD,GATE-07,comfort_index,50.6
2026-06-23T05:15:00+00:00,ZONE-FOOD,GATE-07,occupancy_pct,53.3
2026-06-23T05:15:00+00:00,ZONE-FOOD,GATE-07,people_count,533.0
2026-06-23T05:15:00+00:00,ZONE-FOOD,GATE-07,density_index,3.11
2026-06-23T05:15:00+00:00,ZONE-FOOD,GATE-07,utilization_m2_pct,51.2
2026-06-23T05:15:00+00:00,ZONE-FOOD,GATE-07,comfort_index,51.1
2026-06-23T05:30:00+00:00,ZONE-FOOD,GATE-07,occupancy_pct,61.7
2026-06-23T05:30:00+00:00,ZONE-FOOD,GATE-07,people_count,617.0
2026-06-23T05:30:00+00:00,ZONE-FOOD,GATE-07,density_index,2.99
2026-06-23T05:30:00+00:00,ZONE-FOOD,GATE-07,utilization_m2_pct,56.1
2026-06-23T05:30:00+00:00,ZONE-FOOD,GATE-07,comfort_index,46.9
2026-06-23T05:45:00+00:00,ZONE-FOOD,GATE-07,occupancy_pct,55.3
2026-06-23T05:45:00+00:00,ZONE-FOOD,GATE-07,people_count,553.0
2026-06-23T05:45:00+00:00,ZONE-FOOD,GATE-07,density_index,2.57
2026-06-23T05:45:00+00:00,ZONE-FOOD,GATE-07,utilization_m2_pct,55.2
2026-06-23T05:45:00+00:00,ZONE-FOOD,GATE-07,comfort_index,52.5
2026-06-23T06:00:00+00:00,ZONE-FOOD,GATE-07,occupancy_pct,55.9
2026-06-23T06:00:00+00:00,ZONE-FOOD,GATE-07,people_count,559.0
2026-06-23T06:00:00+00:00,ZONE-FOOD,GATE-07,density_index,2.87
2026-06-23T06:00:00+00:00,ZONE-FOOD,GATE-07,utilization_m2_pct,48.2
2026-06-23T06:00:00+00:00,ZONE-FOOD,GATE-07,comfort_index,48.5
2026-06-23T06:15:00+00:00,ZONE-FOOD,GATE-07,occupancy_pct,61.1
2026-06-23T06:15:00+00:00,ZONE-FOOD,GATE-07,people_count,611.0
2026-06-23T06:15:00+00:00,ZONE-FOOD,GATE-07,density_index,3.28
2026-06-23T06:15:00+00:00,ZONE-FOOD,GATE-07,utilization_m2_pct,55.2
2026-06-23T06:15:00+00:00,ZONE-FOOD,GATE-07,comfort_index,47.8
2026-06-23T06:30:00+00:00,ZONE-FOOD,GATE-07,occupancy_pct,65.1
2026-06-23T06:30:00+00:00,ZONE-FOOD,GATE-07,people_count,651.0
2026-06-23T06:30:00+00:00,ZONE-FOOD,GATE-07,density_index,3.3
2026-06-23T06:30:00+00:00,ZONE-FOOD,GATE-07,utilization_m2_pct,64.5
2026-06-23T06:30:00+00:00,ZONE-FOOD,GATE-07,comfort_index,38.3
2026-06-23T06:45:00+00:00,ZONE-FOOD,GATE-07,occupancy_pct,61.3
2026-06-23T06:45:00+00:00,ZONE-FOOD,GATE-07,people_count,613.0
2026-06-23T06:45:00+00:00,ZONE-FOOD,GATE-07,density_index,3.64
2026-06-23T06:45:00+00:00,ZONE-FOOD,GATE-07,utilization_m2_pct,59.7
2026-06-23T06:45:00+00:00,ZONE-FOOD,GATE-07,comfort_index,39.8
2026-06-23T07:00:00+00:00,ZONE-FOOD,GATE-07,occupancy_pct,63.1
2026-06-23T07:00:00+00:00,ZONE-FOOD,GATE-07,people_count,631.0
2026-06-23T07:00:00+00:00,ZONE-FOOD,GATE-07,density_index,3.24
2026-06-23T07:00:00+00:00,ZONE-FOOD,GATE-07,utilization_m2_pct,59.6
2026-06-23T07:00:00+00:00,ZONE-FOOD,GATE-07,comfort_index,45.1
2026-06-23T07:15:00+00:00,ZONE-FOOD,GATE-07,occupancy_pct,68.5
2026-06-23T07:15:00+00:00,ZONE-FOOD,GATE-07,people_count,685.0
2026-06-23T07:15:00+00:00,ZONE-FOOD,GATE-07,density_index,3.46
2026-06-23T07:15:00+00:00,ZONE-FOOD,GATE-07,utilization_m2_pct,65.4
2026-06-23T07:15:00+00:00,ZONE-FOOD,GATE-07,comfort_index,45.6
2026-06-23T07:30:00+00:00,ZONE-FOOD,GATE-07,occupancy_pct,70.1
2026-06-23T07:30:00+00:00,ZONE-FOOD,GATE-07,people_count,701.0
2026-06-23T07:30:00+00:00,ZONE-FOOD,GATE-07,density_index,3.52
2026-06-23T07:30:00+00:00,ZONE-FOOD,GATE-07,utilization_m2_pct,66.2
2026-06-23T07:30:00+00:00,ZONE-FOOD,GATE-07,comfort_index,37.9
2026-06-23T07:45:00+00:00,ZONE-FOOD,GATE-07,occupancy_pct,67.6
2026-06-23T07:45:00+00:00,ZONE-FOOD,GATE-07,people_count,676.0
2026-06-23T07:45:00+00:00,ZONE-FOOD,GATE-07,density_index,3.26
2026-06-23T07:45:00+00:00,ZONE-FOOD,GATE-07,utilization_m2_pct,63.8
2026-06-23T07:45:00+00:00,ZONE-FOOD,GATE-07,comfort_index,44.7
2026-06-23T08:00:00+00:00,ZONE-FOOD,GATE-07,occupancy_pct,63.6
2026-06-23T08:00:00+00:00,ZONE-FOOD,GATE-07,people_count,636.0
2026-06-23T08:00:00+00:00,ZONE-FOOD,GATE-07,density_index,3.34
2026-06-23T08:00:00+00:00,ZONE-FOOD,GATE-07,utilization_m2_pct,63.0
2026-06-23T08:00:00+00:00,ZONE-FOOD,GATE-07,comfort_index,47.3
2026-06-23T08:15:00+00:00,ZONE-FOOD,GATE-07,occupancy_pct,67.4
2026-06-23T08:15:00+00:00,ZONE-FOOD,GATE-07,people_count,674.0
2026-06-23T08:15:00+00:00,ZONE-FOOD,GATE-07,density_index,3.06
2026-06-23T08:15:00+00:00,ZONE-FOOD,GATE-07,utilization_m2_pct,67.0
2026-06-23T08:15:00+00:00,ZONE-FOOD,GATE-07,comfort_index,43.6
2026-06-23T08:30:00+00:00,ZONE-FOOD,GATE-07,occupancy_pct,66.8
2026-06-23T08:30:00+00:00,ZONE-FOOD,GATE-07,people_count,668.0
2026-06-23T08:30:00+00:00,ZONE-FOOD,GATE-07,density_index,3.29
2026-06-23T08:30:00+00:00,ZONE-FOOD,GATE-07,utilization_m2_pct,57.4
2026-06-23T08:30:00+00:00,ZONE-FOOD,GATE-07,comfort_index,43.3
2026-06-23T08:45:00+00:00,ZONE-FOOD,GATE-07,occupancy_pct,70.1
2026-06-23T08:45:00+00:00,ZONE-FOOD,GATE-07,people_count,701.0
2026-06-23T08:45:00+00:00,ZONE-FOOD,GATE-07,density_index,3.66
2026-06-23T08:45:00+00:00,ZONE-FOOD,GATE-07,utilization_m2_pct,65.4
2026-06-23T08:45:00+00:00,ZONE-FOOD,GATE-07,comfort_index,42.4
2026-06-23T09:00:00+00:00,ZONE-FOOD,GATE-07,occupancy_pct,65.5
2026-06-23T09:00:00+00:00,ZONE-FOOD,GATE-07,people_count,655.0
2026-06-23T09:00:00+00:00,ZONE-FOOD,GATE-07,density_index,3.41
2026-06-23T09:00:00+00:00,ZONE-FOOD,GATE-07,utilization_m2_pct,56.6
2026-06-23T09:00:00+00:00,ZONE-FOOD,GATE-07,comfort_index,44.6
2026-06-23T09:15:00+00:00,ZONE-FOOD,GATE-07,occupancy_pct,69.7
2026-06-23T09:15:00+00:00,ZONE-FOOD,GATE-07,people_count,697.0
2026-06-23T09:15:00+00:00,ZONE-FOOD,GATE-07,density_index,3.64
2026-06-23T09:15:00+00:00,ZONE-FOOD,GATE-07,utilization_m2_pct,60.9
2026-06-23T09:15:00+00:00,ZONE-FOOD,GATE-07,comfort_index,43.9
2026-06-23T09:30:00+00:00,ZONE-FOOD,GATE-07,occupancy_pct,66.2
2026-06-23T09:30:00+00:00,ZONE-FOOD,GATE-07,people_count,662.0
2026-06-23T09:30:00+00:00,ZONE-FOOD,GATE-07,density_index,3.1
2026-06-23T09:30:00+00:00,ZONE-FOOD,GATE-07,utilization_m2_pct,58.3
2026-06-23T09:30:00+00:00,ZONE-FOOD,GATE-07,comfort_index,44.2
2026-06-23T09:45:00+00:00,ZONE-FOOD,GATE-07,occupancy_pct,69.4
2026-06-23T09:45:00+00:00,ZONE-FOOD,GATE-07,people_count,694.0
2026-06-23T09:45:00+00:00,ZONE-FOOD,GATE-07,density_index,3.23
2026-06-23T09:45:00+00:00,ZONE-FOOD,GATE-07,utilization_m2_pct,66.8
2026-06-23T09:45:00+00:00,ZONE-FOOD,GATE-07,comfort_index,39.9
2026-06-23T10:00:00+00:00,ZONE-FOOD,GATE-07,occupancy_pct,68.7
2026-06-23T10:00:00+00:00,ZONE-FOOD,GATE-07,people_count,687.0
2026-06-23T10:00:00+00:00,ZONE-FOOD,GATE-07,density_index,3.41
2026-06-23T10:00:00+00:00,ZONE-FOOD,GATE-07,utilization_m2_pct,67.8
2026-06-23T10:00:00+00:00,ZONE-FOOD,GATE-07,comfort_index,41.4
2026-06-23T10:15:00+00:00,ZONE-FOOD,GATE-07,occupancy_pct,72.1
2026-06-23T10:15:00+00:00,ZONE-FOOD,GATE-07,people_count,721.0
2026-06-23T10:15:00+00:00,ZONE-FOOD,GATE-07,density_index,3.88
2026-06-23T10:15:00+00:00,ZONE-FOOD,GATE-07,utilization_m2_pct,70.9
2026-06-23T10:15:00+00:00,ZONE-FOOD,GATE-07,comfort_index,37.9
2026-06-23T10:30:00+00:00,ZONE-FOOD,GATE-07,occupancy_pct,65.2
2026-06-23T10:30:00+00:00,ZONE-FOOD,GATE-07,people_count,652.0
2026-06-23T10:30:00+00:00,ZONE-FOOD,GATE-07,density_index,3.56
2026-06-23T10:30:00+00:00,ZONE-FOOD,GATE-07,utilization_m2_pct,60.8
2026-06-23T10:30:00+00:00,ZONE-FOOD,GATE-07,comfort_index,47.6
2026-06-23T10:45:00+00:00,ZONE-FOOD,GATE-07,occupancy_pct,75.7
2026-06-23T10:45:00+00:00,ZONE-FOOD,GATE-07,people_count,757.0
2026-06-23T10:45:00+00:00,ZONE-FOOD,GATE-07,density_index,3.74
2026-06-23T10:45:00+00:00,ZONE-FOOD,GATE-07,utilization_m2_pct,73.2
2026-06-23T10:45:00+00:00,ZONE-FOOD,GATE-07,comfort_index,33.3
2026-06-23T11:00:00+00:00,ZONE-FOOD,GATE-07,occupancy_pct,72.3
2026-06-23T11:00:00+00:00,ZONE-FOOD,GATE-07,people_count,723.0
2026-06-23T11:00:00+00:00,ZONE-FOOD,GATE-07,density_index,3.77
2026-06-23T11:00:00+00:00,ZONE-FOOD,GATE-07,utilization_m2_pct,65.8
2026-06-23T11:00:00+00:00,ZONE-FOOD,GATE-07,comfort_index,32.1
2026-06-23T11:15:00+00:00,ZONE-FOOD,GATE-07,occupancy_pct,69.8
2026-06-23T11:15:00+00:00,ZONE-FOOD,GATE-07,people_count,698.0
2026-06-23T11:15:00+00:00,ZONE-FOOD,GATE-07,density_index,3.71
2026-06-23T11:15:00+00:00,ZONE-FOOD,GATE-07,utilization_m2_pct,63.0
2026-06-23T11:15:00+00:00,ZONE-FOOD,GATE-07,comfort_index,36.1
2026-06-23T11:30:00+00:00,ZONE-FOOD,GATE-07,occupancy_pct,67.5
2026-06-23T11:30:00+00:00,ZONE-FOOD,GATE-07,people_count,675.0
2026-06-23T11:30:00+00:00,ZONE-FOOD,GATE-07,density_index,3.3
2026-06-23T11:30:00+00:00,ZONE-FOOD,GATE-07,utilization_m2_pct,61.0
2026-06-23T11:30:00+00:00,ZONE-FOOD,GATE-07,comfort_index,44.1
2026-06-23T11:45:00+00:00,ZONE-FOOD,GATE-07,occupancy_pct,63.7
2026-06-23T11:45:00+00:00,ZONE-FOOD,GATE-07,people_count,637.0
2026-06-23T11:45:00+00:00,ZONE-FOOD,GATE-07,density_index,3.09
2026-06-23T11:45:00+00:00,ZONE-FOOD,GATE-07,utilization_m2_pct,57.5
2026-06-23T11:45:00+00:00,ZONE-FOOD,GATE-07,comfort_index,43.9
2026-06-23T12:00:00+00:00,ZONE-FOOD,GATE-07,occupancy_pct,65.2
2026-06-23T12:00:00+00:00,ZONE-FOOD,GATE-07,people_count,652.0
2026-06-23T12:00:00+00:00,ZONE-FOOD,GATE-07,density_index,3.28
2026-06-23T12:00:00+00:00,ZONE-FOOD,GATE-07,utilization_m2_pct,62.6
2026-06-23T12:00:00+00:00,ZONE-FOOD,GATE-07,comfort_index,44.7
2026-06-23T12:15:00+00:00,ZONE-FOOD,GATE-07,occupancy_pct,70.9
2026-06-23T12:15:00+00:00,ZONE-FOOD,GATE-07,people_count,709.0
2026-06-23T12:15:00+00:00,ZONE-FOOD,GATE-07,density_index,3.39
2026-06-23T12:15:00+00:00,ZONE-FOOD,GATE-07,utilization_m2_pct,69.1
2026-06-23T12:15:00+00:00,ZONE-FOOD,GATE-07,comfort_index,39.1
2026-06-23T12:30:00+00:00,ZONE-FOOD,GATE-07,occupancy_pct,67.5
2026-06-23T12:30:00+00:00,ZONE-FOOD,GATE-07,people_count,675.0
2026-06-23T12:30:00+00:00,ZONE-FOOD,GATE-07,density_index,3.57
2026-06-23T12:30:00+00:00,ZONE-FOOD,GATE-07,utilization_m2_pct,62.7
2026-06-23T12:30:00+00:00,ZONE-FOOD,GATE-07,comfort_index,41.9
2026-06-23T12:45:00+00:00,ZONE-FOOD,GATE-07,occupancy_pct,69.0
2026-06-23T12:45:00+00:00,ZONE-FOOD,GATE-07,people_count,690.0
2026-06-23T12:45:00+00:00,ZONE-FOOD,GATE-07,density_index,3.53
2026-06-23T12:45:00+00:00,ZONE-FOOD,GATE-07,utilization_m2_pct,63.6
2026-06-23T12:45:00+00:00,ZONE-FOOD,GATE-07,comfort_index,39.8
2026-06-23T13:00:00+00:00,ZONE-FOOD,GATE-07,occupancy_pct,58.6
2026-06-23T13:00:00+00:00,ZONE-FOOD,GATE-07,people_count,586.0
2026-06-23T13:00:00+00:00,ZONE-FOOD,GATE-07,density_index,2.84
2026-06-23T13:00:00+00:00,ZONE-FOOD,GATE-07,utilization_m2_pct,52.3
2026-06-23T13:00:00+00:00,ZONE-FOOD,GATE-07,comfort_index,55.3
2026-06-23T13:15:00+00:00,ZONE-FOOD,GATE-07,occupancy_pct,62.4
2026-06-23T13:15:00+00:00,ZONE-FOOD,GATE-07,people_count,624.0
2026-06-23T13:15:00+00:00,ZONE-FOOD,GATE-07,density_index,2.85
2026-06-23T13:15:00+00:00,ZONE-FOOD,GATE-07,utilization_m2_pct,53.9
2026-06-23T13:15:00+00:00,ZONE-FOOD,GATE-07,comfort_index,50.3
2026-06-23T13:30:00+00:00,ZONE-FOOD,GATE-07,occupancy_pct,57.0
2026-06-23T13:30:00+00:00,ZONE-FOOD,GATE-07,people_count,570.0
2026-06-23T13:30:00+00:00,ZONE-FOOD,GATE-07,density_index,2.6
2026-06-23T13:30:00+00:00,ZONE-FOOD,GATE-07,utilization_m2_pct,53.7
2026-06-23T13:30:00+00:00,ZONE-FOOD,GATE-07,comfort_index,51.9
2026-06-23T13:45:00+00:00,ZONE-FOOD,GATE-07,occupancy_pct,58.4
2026-06-23T13:45:00+00:00,ZONE-FOOD,GATE-07,people_count,584.0
2026-06-23T13:45:00+00:00,ZONE-FOOD,GATE-07,density_index,2.75
2026-06-23T13:45:00+00:00,ZONE-FOOD,GATE-07,utilization_m2_pct,50.4
2026-06-23T13:45:00+00:00,ZONE-FOOD,GATE-07,comfort_index,50.2
2026-06-23T14:00:00+00:00,ZONE-FOOD,GATE-07,occupancy_pct,65.1
2026-06-23T14:00:00+00:00,ZONE-FOOD,GATE-07,people_count,651.0
2026-06-23T14:00:00+00:00,ZONE-FOOD,GATE-07,density_index,3.26
2026-06-23T14:00:00+00:00,ZONE-FOOD,GATE-07,utilization_m2_pct,56.6
2026-06-23T14:00:00+00:00,ZONE-FOOD,GATE-07,comfort_index,46.8
2026-06-23T14:15:00+00:00,ZONE-FOOD,GATE-07,occupancy_pct,63.2
2026-06-23T14:15:00+00:00,ZONE-FOOD,GATE-07,people_count,632.0
2026-06-23T14:15:00+00:00,ZONE-FOOD,GATE-07,density_index,2.9
2026-06-23T14:15:00+00:00,ZONE-FOOD,GATE-07,utilization_m2_pct,57.4
2026-06-23T14:15:00+00:00,ZONE-FOOD,GATE-07,comfort_index,46.8
2026-06-23T14:30:00+00:00,ZONE-FOOD,GATE-07,occupancy_pct,60.4
2026-06-23T14:30:00+00:00,ZONE-FOOD,GATE-07,people_count,604.0
2026-06-23T14:30:00+00:00,ZONE-FOOD,GATE-07,density_index,3.12
2026-06-23T14:30:00+00:00,ZONE-FOOD,GATE-07,utilization_m2_pct,58.1
2026-06-23T14:30:00+00:00,ZONE-FOOD,GATE-07,comfort_index,49.7
2026-06-23T14:45:00+00:00,ZONE-FOOD,GATE-07,occupancy_pct,60.3
2026-06-23T14:45:00+00:00,ZONE-FOOD,GATE-07,people_count,603.0
2026-06-23T14:45:00+00:00,ZONE-FOOD,GATE-07,density_index,2.96
2026-06-23T14:45:00+00:00,ZONE-FOOD,GATE-07,utilization_m2_pct,52.5
2026-06-23T14:45:00+00:00,ZONE-FOOD,GATE-07,comfort_index,44.5
2026-06-23T15:00:00+00:00,ZONE-FOOD,GATE-07,occupancy_pct,55.7
2026-06-23T15:00:00+00:00,ZONE-FOOD,GATE-07,people_count,557.0
2026-06-23T15:00:00+00:00,ZONE-FOOD,GATE-07,density_index,2.43
2026-06-23T15:00:00+00:00,ZONE-FOOD,GATE-07,utilization_m2_pct,49.7
2026-06-23T15:00:00+00:00,ZONE-FOOD,GATE-07,comfort_index,54.6
2026-06-23T15:15:00+00:00,ZONE-FOOD,GATE-07,occupancy_pct,56.2
2026-06-23T15:15:00+00:00,ZONE-FOOD,GATE-07,people_count,562.0
2026-06-23T15:15:00+00:00,ZONE-FOOD,GATE-07,density_index,2.68
2026-06-23T15:15:00+00:00,ZONE-FOOD,GATE-07,utilization_m2_pct,55.4
2026-06-23T15:15:00+00:00,ZONE-FOOD,GATE-07,comfort_index,51.9
2026-06-23T15:30:00+00:00,ZONE-FOOD,GATE-07,occupancy_pct,47.3
2026-06-23T15:30:00+00:00,ZONE-FOOD,GATE-07,people_count,473.0
2026-06-23T15:30:00+00:00,ZONE-FOOD,GATE-07,density_index,2.18
2026-06-23T15:30:00+00:00,ZONE-FOOD,GATE-07,utilization_m2_pct,44.1
2026-06-23T15:30:00+00:00,ZONE-FOOD,GATE-07,comfort_index,56.8
2026-06-23T15:45:00+00:00,ZONE-FOOD,GATE-07,occupancy_pct,42.9
2026-06-23T15:45:00+00:00,ZONE-FOOD,GATE-07,people_count,429.0
2026-06-23T15:45:00+00:00,ZONE-FOOD,GATE-07,density_index,2.02
2026-06-23T15:45:00+00:00,ZONE-FOOD,GATE-07,utilization_m2_pct,42.1
2026-06-23T15:45:00+00:00,ZONE-FOOD,GATE-07,comfort_index,61.5
2026-06-23T16:00:00+00:00,ZONE-FOOD,GATE-07,occupancy_pct,56.3
2026-06-23T16:00:00+00:00,ZONE-FOOD,GATE-07,people_count,563.0
2026-06-23T16:00:00+00:00,ZONE-FOOD,GATE-07,density_index,3.2
2026-06-23T16:00:00+00:00,ZONE-FOOD,GATE-07,utilization_m2_pct,54.8
2026-06-23T16:00:00+00:00,ZONE-FOOD,GATE-07,comfort_index,49.0
2026-06-23T16:15:00+00:00,ZONE-FOOD,GATE-07,occupancy_pct,46.0
2026-06-23T16:15:00+00:00,ZONE-FOOD,GATE-07,people_count,460.0
2026-06-23T16:15:00+00:00,ZONE-FOOD,GATE-07,density_index,1.95
2026-06-23T16:15:00+00:00,ZONE-FOOD,GATE-07,utilization_m2_pct,42.2
2026-06-23T16:15:00+00:00,ZONE-FOOD,GATE-07,comfort_index,65.8
2026-06-23T16:30:00+00:00,ZONE-FOOD,GATE-07,occupancy_pct,48.6
2026-06-23T16:30:00+00:00,ZONE-FOOD,GATE-07,people_count,486.0
2026-06-23T16:30:00+00:00,ZONE-FOOD,GATE-07,density_index,2.85
2026-06-23T16:30:00+00:00,ZONE-FOOD,GATE-07,utilization_m2_pct,48.4
2026-06-23T16:30:00+00:00,ZONE-FOOD,GATE-07,comfort_index,56.6
2026-06-23T16:45:00+00:00,ZONE-FOOD,GATE-07,occupancy_pct,44.6
2026-06-23T16:45:00+00:00,ZONE-FOOD,GATE-07,people_count,446.0
2026-06-23T16:45:00+00:00,ZONE-FOOD,GATE-07,density_index,1.88
2026-06-23T16:45:00+00:00,ZONE-FOOD,GATE-07,utilization_m2_pct,44.1
2026-06-23T16:45:00+00:00,ZONE-FOOD,GATE-07,comfort_index,62.0
2026-06-23T17:00:00+00:00,ZONE-FOOD,GATE-07,occupancy_pct,46.9
2026-06-23T17:00:00+00:00,ZONE-FOOD,GATE-07,people_count,469.0
2026-06-23T17:00:00+00:00,ZONE-FOOD,GATE-07,density_index,2.1
2026-06-23T17:00:00+00:00,ZONE-FOOD,GATE-07,utilization_m2_pct,40.0
2026-06-23T17:00:00+00:00,ZONE-FOOD,GATE-07,comfort_index,56.9
2026-06-23T17:15:00+00:00,ZONE-FOOD,GATE-07,occupancy_pct,41.2
2026-06-23T17:15:00+00:00,ZONE-FOOD,GATE-07,people_count,412.0
2026-06-23T17:15:00+00:00,ZONE-FOOD,GATE-07,density_index,2.1
2026-06-23T17:15:00+00:00,ZONE-FOOD,GATE-07,utilization_m2_pct,36.6
2026-06-23T17:15:00+00:00,ZONE-FOOD,GATE-07,comfort_index,70.0
2026-06-23T17:30:00+00:00,ZONE-FOOD,GATE-07,occupancy_pct,40.8
2026-06-23T17:30:00+00:00,ZONE-FOOD,GATE-07,people_count,408.0
2026-06-23T17:30:00+00:00,ZONE-FOOD,GATE-07,density_index,2.12
2026-06-23T17:30:00+00:00,ZONE-FOOD,GATE-07,utilization_m2_pct,38.1
2026-06-23T17:30:00+00:00,ZONE-FOOD,GATE-07,comfort_index,70.0
2026-06-23T17:45:00+00:00,ZONE-FOOD,GATE-07,occupancy_pct,38.0
2026-06-23T17:45:00+00:00,ZONE-FOOD,GATE-07,people_count,380.0
2026-06-23T17:45:00+00:00,ZONE-FOOD,GATE-07,density_index,1.72
2026-06-23T17:45:00+00:00,ZONE-FOOD,GATE-07,utilization_m2_pct,34.0
2026-06-23T17:45:00+00:00,ZONE-FOOD,GATE-07,comfort_index,62.6
2026-06-23T18:00:00+00:00,ZONE-FOOD,GATE-07,occupancy_pct,40.4
2026-06-23T18:00:00+00:00,ZONE-FOOD,GATE-07,people_count,404.0
2026-06-23T18:00:00+00:00,ZONE-FOOD,GATE-07,density_index,2.24
2026-06-23T18:00:00+00:00,ZONE-FOOD,GATE-07,utilization_m2_pct,39.7
2026-06-23T18:00:00+00:00,ZONE-FOOD,GATE-07,comfort_index,64.7
2026-06-23T18:15:00+00:00,ZONE-FOOD,GATE-07,occupancy_pct,42.2
2026-06-23T18:15:00+00:00,ZONE-FOOD,GATE-07,people_count,422.0
2026-06-23T18:15:00+00:00,ZONE-FOOD,GATE-07,density_index,2.27
2026-06-23T18:15:00+00:00,ZONE-FOOD,GATE-07,utilization_m2_pct,41.8
2026-06-23T18:15:00+00:00,ZONE-FOOD,GATE-07,comfort_index,70.6
2026-06-23T18:30:00+00:00,ZONE-FOOD,GATE-07,occupancy_pct,38.5
2026-06-23T18:30:00+00:00,ZONE-FOOD,GATE-07,people_count,385.0
2026-06-23T18:30:00+00:00,ZONE-FOOD,GATE-07,density_index,2.26
2026-06-23T18:30:00+00:00,ZONE-FOOD,GATE-07,utilization_m2_pct,35.8
2026-06-23T18:30:00+00:00,ZONE-FOOD,GATE-07,comfort_index,69.7
2026-06-23T18:45:00+00:00,ZONE-FOOD,GATE-07,occupancy_pct,31.4
2026-06-23T18:45:00+00:00,ZONE-FOOD,GATE-07,people_count,314.0
2026-06-23T18:45:00+00:00,ZONE-FOOD,GATE-07,density_index,1.71
2026-06-23T18:45:00+00:00,ZONE-FOOD,GATE-07,utilization_m2_pct,28.0
2026-06-23T18:45:00+00:00,ZONE-FOOD,GATE-07,comfort_index,77.0
2026-06-23T19:00:00+00:00,ZONE-FOOD,GATE-07,occupancy_pct,25.1
2026-06-23T19:00:00+00:00,ZONE-FOOD,GATE-07,people_count,251.0
2026-06-23T19:00:00+00:00,ZONE-FOOD,GATE-07,density_index,1.15
2026-06-23T19:00:00+00:00,ZONE-FOOD,GATE-07,utilization_m2_pct,23.5
2026-06-23T19:00:00+00:00,ZONE-FOOD,GATE-07,comfort_index,81.1
2026-06-23T19:15:00+00:00,ZONE-FOOD,GATE-07,occupancy_pct,29.2
2026-06-23T19:15:00+00:00,ZONE-FOOD,GATE-07,people_count,292.0
2026-06-23T19:15:00+00:00,ZONE-FOOD,GATE-07,density_index,1.59
2026-06-23T19:15:00+00:00,ZONE-FOOD,GATE-07,utilization_m2_pct,29.0
2026-06-23T19:15:00+00:00,ZONE-FOOD,GATE-07,comfort_index,76.8
2026-06-23T19:30:00+00:00,ZONE-FOOD,GATE-07,occupancy_pct,33.0
2026-06-23T19:30:00+00:00,ZONE-FOOD,GATE-07,people_count,330.0
2026-06-23T19:30:00+00:00,ZONE-FOOD,GATE-07,density_index,1.65
2026-06-23T19:30:00+00:00,ZONE-FOOD,GATE-07,utilization_m2_pct,30.6
2026-06-23T19:30:00+00:00,ZONE-FOOD,GATE-07,comfort_index,68.7
2026-06-23T19:45:00+00:00,ZONE-FOOD,GATE-07,occupancy_pct,35.3
2026-06-23T19:45:00+00:00,ZONE-FOOD,GATE-07,people_count,353.0
2026-06-23T19:45:00+00:00,ZONE-FOOD,GATE-07,density_index,1.42
2026-06-23T19:45:00+00:00,ZONE-FOOD,GATE-07,utilization_m2_pct,33.4
2026-06-23T19:45:00+00:00,ZONE-FOOD,GATE-07,comfort_index,70.8
2026-06-23T20:00:00+00:00,ZONE-FOOD,GATE-07,occupancy_pct,26.0
2026-06-23T20:00:00+00:00,ZONE-FOOD,GATE-07,people_count,260.0
2026-06-23T20:00:00+00:00,ZONE-FOOD,GATE-07,density_index,1.25
2026-06-23T20:00:00+00:00,ZONE-FOOD,GATE-07,utilization_m2_pct,23.3
2026-06-23T20:00:00+00:00,ZONE-FOOD,GATE-07,comfort_index,76.9
2026-06-23T20:15:00+00:00,ZONE-FOOD,GATE-07,occupancy_pct,24.2
2026-06-23T20:15:00+00:00,ZONE-FOOD,GATE-07,people_count,242.0
2026-06-23T20:15:00+00:00,ZONE-FOOD,GATE-07,density_index,1.26
2026-06-23T20:15:00+00:00,ZONE-FOOD,GATE-07,utilization_m2_pct,21.3
2026-06-23T20:15:00+00:00,ZONE-FOOD,GATE-07,comfort_index,79.8
2026-06-23T20:30:00+00:00,ZONE-FOOD,GATE-07,occupancy_pct,24.4
2026-06-23T20:30:00+00:00,ZONE-FOOD,GATE-07,people_count,244.0
2026-06-23T20:30:00+00:00,ZONE-FOOD,GATE-07,density_index,0.89
2026-06-23T20:30:00+00:00,ZONE-FOOD,GATE-07,utilization_m2_pct,22.8
2026-06-23T20:30:00+00:00,ZONE-FOOD,GATE-07,comfort_index,83.1
2026-06-23T20:45:00+00:00,ZONE-FOOD,GATE-07,occupancy_pct,28.6
2026-06-23T20:45:00+00:00,ZONE-FOOD,GATE-07,people_count,286.0
2026-06-23T20:45:00+00:00,ZONE-FOOD,GATE-07,density_index,1.35
2026-06-23T20:45:00+00:00,ZONE-FOOD,GATE-07,utilization_m2_pct,27.7
2026-06-23T20:45:00+00:00,ZONE-FOOD,GATE-07,comfort_index,73.1
2026-06-23T21:00:00+00:00,ZONE-FOOD,GATE-07,occupancy_pct,30.6
2026-06-23T21:00:00+00:00,ZONE-FOOD,GATE-07,people_count,306.0
2026-06-23T21:00:00+00:00,ZONE-FOOD,GATE-07,density_index,1.46
2026-06-23T21:00:00+00:00,ZONE-FOOD,GATE-07,utilization_m2_pct,26.4
2026-06-23T21:00:00+00:00,ZONE-FOOD,GATE-07,comfort_index,75.7
2026-06-23T21:15:00+00:00,ZONE-FOOD,GATE-07,occupancy_pct,26.4
2026-06-23T21:15:00+00:00,ZONE-FOOD,GATE-07,people_count,264.0
2026-06-23T21:15:00+00:00,ZONE-FOOD,GATE-07,density_index,1.06
2026-06-23T21:15:00+00:00,ZONE-FOOD,GATE-07,utilization_m2_pct,25.1
2026-06-23T21:15:00+00:00,ZONE-FOOD,GATE-07,comfort_index,80.6
2026-06-23T21:30:00+00:00,ZONE-FOOD,GATE-07,occupancy_pct,35.4
2026-06-23T21:30:00+00:00,ZONE-FOOD,GATE-07,people_count,354.0
2026-06-23T21:30:00+00:00,ZONE-FOOD,GATE-07,density_index,1.97
2026-06-23T21:30:00+00:00,ZONE-FOOD,GATE-07,utilization_m2_pct,34.9
2026-06-23T21:30:00+00:00,ZONE-FOOD,GATE-07,comfort_index,73.2
2026-06-23T21:45:00+00:00,ZONE-FOOD,GATE-07,occupancy_pct,24.3
2026-06-23T21:45:00+00:00,ZONE-FOOD,GATE-07,people_count,243.0
2026-06-23T21:45:00+00:00,ZONE-FOOD,GATE-07,density_index,1.35
2026-06-23T21:45:00+00:00,ZONE-FOOD,GATE-07,utilization_m2_pct,22.1
2026-06-23T21:45:00+00:00,ZONE-FOOD,GATE-07,comfort_index,78.9
2026-06-23T22:00:00+00:00,ZONE-FOOD,GATE-07,occupancy_pct,14.7
2026-06-23T22:00:00+00:00,ZONE-FOOD,GATE-07,people_count,147.0
2026-06-23T22:00:00+00:00,ZONE-FOOD,GATE-07,density_index,0.54
2026-06-23T22:00:00+00:00,ZONE-FOOD,GATE-07,utilization_m2_pct,14.6
2026-06-23T22:00:00+00:00,ZONE-FOOD,GATE-07,comfort_index,89.1
2026-06-23T22:15:00+00:00,ZONE-FOOD,GATE-07,occupancy_pct,27.3
2026-06-23T22:15:00+00:00,ZONE-FOOD,GATE-07,people_count,273.0
2026-06-23T22:15:00+00:00,ZONE-FOOD,GATE-07,density_index,1.12
2026-06-23T22:15:00+00:00,ZONE-FOOD,GATE-07,utilization_m2_pct,26.9
2026-06-23T22:15:00+00:00,ZONE-FOOD,GATE-07,comfort_index,80.2
2026-06-23T22:30:00+00:00,ZONE-FOOD,GATE-07,occupancy_pct,25.9
2026-06-23T22:30:00+00:00,ZONE-FOOD,GATE-07,people_count,259.0
2026-06-23T22:30:00+00:00,ZONE-FOOD,GATE-07,density_index,1.26
2026-06-23T22:30:00+00:00,ZONE-FOOD,GATE-07,utilization_m2_pct,25.4
2026-06-23T22:30:00+00:00,ZONE-FOOD,GATE-07,comfort_index,82.2
2026-06-23T22:45:00+00:00,ZONE-FOOD,GATE-07,occupancy_pct,26.0
2026-06-23T22:45:00+00:00,ZONE-FOOD,GATE-07,people_count,260.0
2026-06-23T22:45:00+00:00,ZONE-FOOD,GATE-07,density_index,1.27
2026-06-23T22:45:00+00:00,ZONE-FOOD,GATE-07,utilization_m2_pct,24.8
2026-06-23T22:45:00+00:00,ZONE-FOOD,GATE-07,comfort_index,83.5
2026-06-23T23:00:00+00:00,ZONE-FOOD,GATE-07,occupancy_pct,27.2
2026-06-23T23:00:00+00:00,ZONE-FOOD,GATE-07,people_count,272.0
2026-06-23T23:00:00+00:00,ZONE-FOOD,GATE-07,density_index,1.31
2026-06-23T23:00:00+00:00,ZONE-FOOD,GATE-07,utilization_m2_pct,25.6
2026-06-23T23:00:00+00:00,ZONE-FOOD,GATE-07,comfort_index,75.6
2026-06-23T23:15:00+00:00,ZONE-FOOD,GATE-07,occupancy_pct,26.0
2026-06-23T23:15:00+00:00,ZONE-FOOD,GATE-07,people_count,260.0
2026-06-23T23:15:00+00:00,ZONE-FOOD,GATE-07,density_index,1.3
2026-06-23T23:15:00+00:00,ZONE-FOOD,GATE-07,utilization_m2_pct,25.6
2026-06-23T23:15:00+00:00,ZONE-FOOD,GATE-07,comfort_index,71.9
2026-06-23T23:30:00+00:00,ZONE-FOOD,GATE-07,occupancy_pct,29.2
2026-06-23T23:30:00+00:00,ZONE-FOOD,GATE-07,people_count,292.0
2026-06-23T23:30:00+00:00,ZONE-FOOD,GATE-07,density_index,1.57
2026-06-23T23:30:00+00:00,ZONE-FOOD,GATE-07,utilization_m2_pct,26.8
2026-06-23T23:30:00+00:00,ZONE-FOOD,GATE-07,comfort_index,74.2
2026-06-23T23:45:00+00:00,ZONE-FOOD,GATE-07,occupancy_pct,30.1
2026-06-23T23:45:00+00:00,ZONE-FOOD,GATE-07,people_count,301.0
2026-06-23T23:45:00+00:00,ZONE-FOOD,GATE-07,density_index,1.72
2026-06-23T23:45:00+00:00,ZONE-FOOD,GATE-07,utilization_m2_pct,26.9
2026-06-23T23:45:00+00:00,ZONE-FOOD,GATE-07,comfort_index,73.3
2026-06-23T00:00:00+00:00,ZONE-VIP,GATE-08,occupancy_pct,29.0
2026-06-23T00:00:00+00:00,ZONE-VIP,GATE-08,people_count,58.0
2026-06-23T00:00:00+00:00,ZONE-VIP,GATE-08,density_index,0.98
2026-06-23T00:00:00+00:00,ZONE-VIP,GATE-08,utilization_m2_pct,28.1
2026-06-23T00:00:00+00:00,ZONE-VIP,GATE-08,comfort_index,77.7
2026-06-23T00:15:00+00:00,ZONE-VIP,GATE-08,occupancy_pct,31.6
2026-06-23T00:15:00+00:00,ZONE-VIP,GATE-08,people_count,63.0
2026-06-23T00:15:00+00:00,ZONE-VIP,GATE-08,density_index,1.02
2026-06-23T00:15:00+00:00,ZONE-VIP,GATE-08,utilization_m2_pct,29.8
2026-06-23T00:15:00+00:00,ZONE-VIP,GATE-08,comfort_index,74.2
2026-06-23T00:30:00+00:00,ZONE-VIP,GATE-08,occupancy_pct,36.0
2026-06-23T00:30:00+00:00,ZONE-VIP,GATE-08,people_count,72.0
2026-06-23T00:30:00+00:00,ZONE-VIP,GATE-08,density_index,1.2
2026-06-23T00:30:00+00:00,ZONE-VIP,GATE-08,utilization_m2_pct,34.4
2026-06-23T00:30:00+00:00,ZONE-VIP,GATE-08,comfort_index,71.6
2026-06-23T00:45:00+00:00,ZONE-VIP,GATE-08,occupancy_pct,43.1
2026-06-23T00:45:00+00:00,ZONE-VIP,GATE-08,people_count,86.0
2026-06-23T00:45:00+00:00,ZONE-VIP,GATE-08,density_index,1.48
2026-06-23T00:45:00+00:00,ZONE-VIP,GATE-08,utilization_m2_pct,42.4
2026-06-23T00:45:00+00:00,ZONE-VIP,GATE-08,comfort_index,62.6
2026-06-23T01:00:00+00:00,ZONE-VIP,GATE-08,occupancy_pct,38.2
2026-06-23T01:00:00+00:00,ZONE-VIP,GATE-08,people_count,76.0
2026-06-23T01:00:00+00:00,ZONE-VIP,GATE-08,density_index,1.24
2026-06-23T01:00:00+00:00,ZONE-VIP,GATE-08,utilization_m2_pct,33.7
2026-06-23T01:00:00+00:00,ZONE-VIP,GATE-08,comfort_index,68.8
2026-06-23T01:15:00+00:00,ZONE-VIP,GATE-08,occupancy_pct,42.7
2026-06-23T01:15:00+00:00,ZONE-VIP,GATE-08,people_count,85.0
2026-06-23T01:15:00+00:00,ZONE-VIP,GATE-08,density_index,1.16
2026-06-23T01:15:00+00:00,ZONE-VIP,GATE-08,utilization_m2_pct,42.0
2026-06-23T01:15:00+00:00,ZONE-VIP,GATE-08,comfort_index,66.6
2026-06-23T01:30:00+00:00,ZONE-VIP,GATE-08,occupancy_pct,42.4
2026-06-23T01:30:00+00:00,ZONE-VIP,GATE-08,people_count,85.0
2026-06-23T01:30:00+00:00,ZONE-VIP,GATE-08,density_index,1.39
2026-06-23T01:30:00+00:00,ZONE-VIP,GATE-08,utilization_m2_pct,38.0
2026-06-23T01:30:00+00:00,ZONE-VIP,GATE-08,comfort_index,67.0
2026-06-23T01:45:00+00:00,ZONE-VIP,GATE-08,occupancy_pct,51.9
2026-06-23T01:45:00+00:00,ZONE-VIP,GATE-08,people_count,104.0
2026-06-23T01:45:00+00:00,ZONE-VIP,GATE-08,density_index,1.73
2026-06-23T01:45:00+00:00,ZONE-VIP,GATE-08,utilization_m2_pct,44.7
2026-06-23T01:45:00+00:00,ZONE-VIP,GATE-08,comfort_index,60.8
2026-06-23T02:00:00+00:00,ZONE-VIP,GATE-08,occupancy_pct,51.1
2026-06-23T02:00:00+00:00,ZONE-VIP,GATE-08,people_count,102.0
2026-06-23T02:00:00+00:00,ZONE-VIP,GATE-08,density_index,1.66
2026-06-23T02:00:00+00:00,ZONE-VIP,GATE-08,utilization_m2_pct,46.8
2026-06-23T02:00:00+00:00,ZONE-VIP,GATE-08,comfort_index,53.0
2026-06-23T02:15:00+00:00,ZONE-VIP,GATE-08,occupancy_pct,48.6
2026-06-23T02:15:00+00:00,ZONE-VIP,GATE-08,people_count,97.0
2026-06-23T02:15:00+00:00,ZONE-VIP,GATE-08,density_index,1.57
2026-06-23T02:15:00+00:00,ZONE-VIP,GATE-08,utilization_m2_pct,44.1
2026-06-23T02:15:00+00:00,ZONE-VIP,GATE-08,comfort_index,64.9
2026-06-23T02:30:00+00:00,ZONE-VIP,GATE-08,occupancy_pct,44.3
2026-06-23T02:30:00+00:00,ZONE-VIP,GATE-08,people_count,89.0
2026-06-23T02:30:00+00:00,ZONE-VIP,GATE-08,density_index,1.72
2026-06-23T02:30:00+00:00,ZONE-VIP,GATE-08,utilization_m2_pct,41.2
2026-06-23T02:30:00+00:00,ZONE-VIP,GATE-08,comfort_index,66.3
2026-06-23T02:45:00+00:00,ZONE-VIP,GATE-08,occupancy_pct,50.4
2026-06-23T02:45:00+00:00,ZONE-VIP,GATE-08,people_count,101.0
2026-06-23T02:45:00+00:00,ZONE-VIP,GATE-08,density_index,1.56
2026-06-23T02:45:00+00:00,ZONE-VIP,GATE-08,utilization_m2_pct,45.2
2026-06-23T02:45:00+00:00,ZONE-VIP,GATE-08,comfort_index,63.2
2026-06-23T03:00:00+00:00,ZONE-VIP,GATE-08,occupancy_pct,55.6
2026-06-23T03:00:00+00:00,ZONE-VIP,GATE-08,people_count,111.0
2026-06-23T03:00:00+00:00,ZONE-VIP,GATE-08,density_index,1.91
2026-06-23T03:00:00+00:00,ZONE-VIP,GATE-08,utilization_m2_pct,52.0
2026-06-23T03:00:00+00:00,ZONE-VIP,GATE-08,comfort_index,54.8
2026-06-23T03:15:00+00:00,ZONE-VIP,GATE-08,occupancy_pct,57.5
2026-06-23T03:15:00+00:00,ZONE-VIP,GATE-08,people_count,115.0
2026-06-23T03:15:00+00:00,ZONE-VIP,GATE-08,density_index,1.97
2026-06-23T03:15:00+00:00,ZONE-VIP,GATE-08,utilization_m2_pct,53.5
2026-06-23T03:15:00+00:00,ZONE-VIP,GATE-08,comfort_index,54.1
2026-06-23T03:30:00+00:00,ZONE-VIP,GATE-08,occupancy_pct,59.3
2026-06-23T03:30:00+00:00,ZONE-VIP,GATE-08,people_count,119.0
2026-06-23T03:30:00+00:00,ZONE-VIP,GATE-08,density_index,2.12
2026-06-23T03:30:00+00:00,ZONE-VIP,GATE-08,utilization_m2_pct,52.8
2026-06-23T03:30:00+00:00,ZONE-VIP,GATE-08,comfort_index,56.0
2026-06-23T03:45:00+00:00,ZONE-VIP,GATE-08,occupancy_pct,57.6
2026-06-23T03:45:00+00:00,ZONE-VIP,GATE-08,people_count,115.0
2026-06-23T03:45:00+00:00,ZONE-VIP,GATE-08,density_index,1.75
2026-06-23T03:45:00+00:00,ZONE-VIP,GATE-08,utilization_m2_pct,53.9
2026-06-23T03:45:00+00:00,ZONE-VIP,GATE-08,comfort_index,58.5
2026-06-23T04:00:00+00:00,ZONE-VIP,GATE-08,occupancy_pct,61.4
2026-06-23T04:00:00+00:00,ZONE-VIP,GATE-08,people_count,123.0
2026-06-23T04:00:00+00:00,ZONE-VIP,GATE-08,density_index,1.67
2026-06-23T04:00:00+00:00,ZONE-VIP,GATE-08,utilization_m2_pct,52.3
2026-06-23T04:00:00+00:00,ZONE-VIP,GATE-08,comfort_index,58.2
2026-06-23T04:15:00+00:00,ZONE-VIP,GATE-08,occupancy_pct,58.4
2026-06-23T04:15:00+00:00,ZONE-VIP,GATE-08,people_count,117.0
2026-06-23T04:15:00+00:00,ZONE-VIP,GATE-08,density_index,1.81
2026-06-23T04:15:00+00:00,ZONE-VIP,GATE-08,utilization_m2_pct,55.1
2026-06-23T04:15:00+00:00,ZONE-VIP,GATE-08,comfort_index,58.9
2026-06-23T04:30:00+00:00,ZONE-VIP,GATE-08,occupancy_pct,59.7
2026-06-23T04:30:00+00:00,ZONE-VIP,GATE-08,people_count,119.0
2026-06-23T04:30:00+00:00,ZONE-VIP,GATE-08,density_index,1.85
2026-06-23T04:30:00+00:00,ZONE-VIP,GATE-08,utilization_m2_pct,55.3
2026-06-23T04:30:00+00:00,ZONE-VIP,GATE-08,comfort_index,52.2
2026-06-23T04:45:00+00:00,ZONE-VIP,GATE-08,occupancy_pct,64.9
2026-06-23T04:45:00+00:00,ZONE-VIP,GATE-08,people_count,130.0
2026-06-23T04:45:00+00:00,ZONE-VIP,GATE-08,density_index,2.25
2026-06-23T04:45:00+00:00,ZONE-VIP,GATE-08,utilization_m2_pct,60.6
2026-06-23T04:45:00+00:00,ZONE-VIP,GATE-08,comfort_index,45.1
2026-06-23T05:00:00+00:00,ZONE-VIP,GATE-08,occupancy_pct,66.4
2026-06-23T05:00:00+00:00,ZONE-VIP,GATE-08,people_count,133.0
2026-06-23T05:00:00+00:00,ZONE-VIP,GATE-08,density_index,2.15
2026-06-23T05:00:00+00:00,ZONE-VIP,GATE-08,utilization_m2_pct,57.1
2026-06-23T05:00:00+00:00,ZONE-VIP,GATE-08,comfort_index,52.3
2026-06-23T05:15:00+00:00,ZONE-VIP,GATE-08,occupancy_pct,63.8
2026-06-23T05:15:00+00:00,ZONE-VIP,GATE-08,people_count,128.0
2026-06-23T05:15:00+00:00,ZONE-VIP,GATE-08,density_index,1.88
2026-06-23T05:15:00+00:00,ZONE-VIP,GATE-08,utilization_m2_pct,61.7
2026-06-23T05:15:00+00:00,ZONE-VIP,GATE-08,comfort_index,55.3
2026-06-23T05:30:00+00:00,ZONE-VIP,GATE-08,occupancy_pct,70.8
2026-06-23T05:30:00+00:00,ZONE-VIP,GATE-08,people_count,142.0
2026-06-23T05:30:00+00:00,ZONE-VIP,GATE-08,density_index,2.29
2026-06-23T05:30:00+00:00,ZONE-VIP,GATE-08,utilization_m2_pct,62.5
2026-06-23T05:30:00+00:00,ZONE-VIP,GATE-08,comfort_index,45.3
2026-06-23T05:45:00+00:00,ZONE-VIP,GATE-08,occupancy_pct,70.2
2026-06-23T05:45:00+00:00,ZONE-VIP,GATE-08,people_count,140.0
2026-06-23T05:45:00+00:00,ZONE-VIP,GATE-08,density_index,2.31
2026-06-23T05:45:00+00:00,ZONE-VIP,GATE-08,utilization_m2_pct,68.9
2026-06-23T05:45:00+00:00,ZONE-VIP,GATE-08,comfort_index,47.6
2026-06-23T06:00:00+00:00,ZONE-VIP,GATE-08,occupancy_pct,70.0
2026-06-23T06:00:00+00:00,ZONE-VIP,GATE-08,people_count,140.0
2026-06-23T06:00:00+00:00,ZONE-VIP,GATE-08,density_index,1.87
2026-06-23T06:00:00+00:00,ZONE-VIP,GATE-08,utilization_m2_pct,66.0
2026-06-23T06:00:00+00:00,ZONE-VIP,GATE-08,comfort_index,48.4
2026-06-23T06:15:00+00:00,ZONE-VIP,GATE-08,occupancy_pct,70.5
2026-06-23T06:15:00+00:00,ZONE-VIP,GATE-08,people_count,141.0
2026-06-23T06:15:00+00:00,ZONE-VIP,GATE-08,density_index,2.14
2026-06-23T06:15:00+00:00,ZONE-VIP,GATE-08,utilization_m2_pct,64.4
2026-06-23T06:15:00+00:00,ZONE-VIP,GATE-08,comfort_index,44.3
2026-06-23T06:30:00+00:00,ZONE-VIP,GATE-08,occupancy_pct,78.7
2026-06-23T06:30:00+00:00,ZONE-VIP,GATE-08,people_count,157.0
2026-06-23T06:30:00+00:00,ZONE-VIP,GATE-08,density_index,2.46
2026-06-23T06:30:00+00:00,ZONE-VIP,GATE-08,utilization_m2_pct,75.4
2026-06-23T06:30:00+00:00,ZONE-VIP,GATE-08,comfort_index,42.2
2026-06-23T06:45:00+00:00,ZONE-VIP,GATE-08,occupancy_pct,78.7
2026-06-23T06:45:00+00:00,ZONE-VIP,GATE-08,people_count,157.0
2026-06-23T06:45:00+00:00,ZONE-VIP,GATE-08,density_index,2.58
2026-06-23T06:45:00+00:00,ZONE-VIP,GATE-08,utilization_m2_pct,75.0
2026-06-23T06:45:00+00:00,ZONE-VIP,GATE-08,comfort_index,39.3
2026-06-23T07:00:00+00:00,ZONE-VIP,GATE-08,occupancy_pct,66.4
2026-06-23T07:00:00+00:00,ZONE-VIP,GATE-08,people_count,133.0
2026-06-23T07:00:00+00:00,ZONE-VIP,GATE-08,density_index,2.01
2026-06-23T07:00:00+00:00,ZONE-VIP,GATE-08,utilization_m2_pct,59.5
2026-06-23T07:00:00+00:00,ZONE-VIP,GATE-08,comfort_index,48.1
2026-06-23T07:15:00+00:00,ZONE-VIP,GATE-08,occupancy_pct,73.4
2026-06-23T07:15:00+00:00,ZONE-VIP,GATE-08,people_count,147.0
2026-06-23T07:15:00+00:00,ZONE-VIP,GATE-08,density_index,2.33
2026-06-23T07:15:00+00:00,ZONE-VIP,GATE-08,utilization_m2_pct,66.4
2026-06-23T07:15:00+00:00,ZONE-VIP,GATE-08,comfort_index,45.1
2026-06-23T07:30:00+00:00,ZONE-VIP,GATE-08,occupancy_pct,80.6
2026-06-23T07:30:00+00:00,ZONE-VIP,GATE-08,people_count,161.0
2026-06-23T07:30:00+00:00,ZONE-VIP,GATE-08,density_index,2.78
2026-06-23T07:30:00+00:00,ZONE-VIP,GATE-08,utilization_m2_pct,75.6
2026-06-23T07:30:00+00:00,ZONE-VIP,GATE-08,comfort_index,43.9
2026-06-23T07:45:00+00:00,ZONE-VIP,GATE-08,occupancy_pct,74.6
2026-06-23T07:45:00+00:00,ZONE-VIP,GATE-08,people_count,149.0
2026-06-23T07:45:00+00:00,ZONE-VIP,GATE-08,density_index,2.27
2026-06-23T07:45:00+00:00,ZONE-VIP,GATE-08,utilization_m2_pct,71.6
2026-06-23T07:45:00+00:00,ZONE-VIP,GATE-08,comfort_index,47.4
2026-06-23T08:00:00+00:00,ZONE-VIP,GATE-08,occupancy_pct,83.0
2026-06-23T08:00:00+00:00,ZONE-VIP,GATE-08,people_count,166.0
2026-06-23T08:00:00+00:00,ZONE-VIP,GATE-08,density_index,2.48
2026-06-23T08:00:00+00:00,ZONE-VIP,GATE-08,utilization_m2_pct,72.5
2026-06-23T08:00:00+00:00,ZONE-VIP,GATE-08,comfort_index,35.3
2026-06-23T08:15:00+00:00,ZONE-VIP,GATE-08,occupancy_pct,84.3
2026-06-23T08:15:00+00:00,ZONE-VIP,GATE-08,people_count,169.0
2026-06-23T08:15:00+00:00,ZONE-VIP,GATE-08,density_index,2.55
2026-06-23T08:15:00+00:00,ZONE-VIP,GATE-08,utilization_m2_pct,77.8
2026-06-23T08:15:00+00:00,ZONE-VIP,GATE-08,comfort_index,32.8
2026-06-23T08:30:00+00:00,ZONE-VIP,GATE-08,occupancy_pct,84.7
2026-06-23T08:30:00+00:00,ZONE-VIP,GATE-08,people_count,169.0
2026-06-23T08:30:00+00:00,ZONE-VIP,GATE-08,density_index,2.54
2026-06-23T08:30:00+00:00,ZONE-VIP,GATE-08,utilization_m2_pct,81.7
2026-06-23T08:30:00+00:00,ZONE-VIP,GATE-08,comfort_index,33.0
2026-06-23T08:45:00+00:00,ZONE-VIP,GATE-08,occupancy_pct,78.6
2026-06-23T08:45:00+00:00,ZONE-VIP,GATE-08,people_count,157.0
2026-06-23T08:45:00+00:00,ZONE-VIP,GATE-08,density_index,2.29
2026-06-23T08:45:00+00:00,ZONE-VIP,GATE-08,utilization_m2_pct,76.7
2026-06-23T08:45:00+00:00,ZONE-VIP,GATE-08,comfort_index,41.7
2026-06-23T09:00:00+00:00,ZONE-VIP,GATE-08,occupancy_pct,77.9
2026-06-23T09:00:00+00:00,ZONE-VIP,GATE-08,people_count,156.0
2026-06-23T09:00:00+00:00,ZONE-VIP,GATE-08,density_index,2.38
2026-06-23T09:00:00+00:00,ZONE-VIP,GATE-08,utilization_m2_pct,73.6
2026-06-23T09:00:00+00:00,ZONE-VIP,GATE-08,comfort_index,37.1
2026-06-23T09:15:00+00:00,ZONE-VIP,GATE-08,occupancy_pct,78.6
2026-06-23T09:15:00+00:00,ZONE-VIP,GATE-08,people_count,157.0
2026-06-23T09:15:00+00:00,ZONE-VIP,GATE-08,density_index,2.32
2026-06-23T09:15:00+00:00,ZONE-VIP,GATE-08,utilization_m2_pct,70.9
2026-06-23T09:15:00+00:00,ZONE-VIP,GATE-08,comfort_index,38.0
2026-06-23T09:30:00+00:00,ZONE-VIP,GATE-08,occupancy_pct,86.1
2026-06-23T09:30:00+00:00,ZONE-VIP,GATE-08,people_count,172.0
2026-06-23T09:30:00+00:00,ZONE-VIP,GATE-08,density_index,3.1
2026-06-23T09:30:00+00:00,ZONE-VIP,GATE-08,utilization_m2_pct,81.9
2026-06-23T09:30:00+00:00,ZONE-VIP,GATE-08,comfort_index,28.8
2026-06-23T09:45:00+00:00,ZONE-VIP,GATE-08,occupancy_pct,77.6
2026-06-23T09:45:00+00:00,ZONE-VIP,GATE-08,people_count,155.0
2026-06-23T09:45:00+00:00,ZONE-VIP,GATE-08,density_index,2.64
2026-06-23T09:45:00+00:00,ZONE-VIP,GATE-08,utilization_m2_pct,66.9
2026-06-23T09:45:00+00:00,ZONE-VIP,GATE-08,comfort_index,37.7
2026-06-23T10:00:00+00:00,ZONE-VIP,GATE-08,occupancy_pct,74.7
2026-06-23T10:00:00+00:00,ZONE-VIP,GATE-08,people_count,149.0
2026-06-23T10:00:00+00:00,ZONE-VIP,GATE-08,density_index,2.78
2026-06-23T10:00:00+00:00,ZONE-VIP,GATE-08,utilization_m2_pct,72.4
2026-06-23T10:00:00+00:00,ZONE-VIP,GATE-08,comfort_index,40.9
2026-06-23T10:15:00+00:00,ZONE-VIP,GATE-08,occupancy_pct,85.6
2026-06-23T10:15:00+00:00,ZONE-VIP,GATE-08,people_count,171.0
2026-06-23T10:15:00+00:00,ZONE-VIP,GATE-08,density_index,2.73
2026-06-23T10:15:00+00:00,ZONE-VIP,GATE-08,utilization_m2_pct,77.7
2026-06-23T10:15:00+00:00,ZONE-VIP,GATE-08,comfort_index,33.2
2026-06-23T10:30:00+00:00,ZONE-VIP,GATE-08,occupancy_pct,82.9
2026-06-23T10:30:00+00:00,ZONE-VIP,GATE-08,people_count,166.0
2026-06-23T10:30:00+00:00,ZONE-VIP,GATE-08,density_index,2.84
2026-06-23T10:30:00+00:00,ZONE-VIP,GATE-08,utilization_m2_pct,75.0
2026-06-23T10:30:00+00:00,ZONE-VIP,GATE-08,comfort_index,32.9
2026-06-23T10:45:00+00:00,ZONE-VIP,GATE-08,occupancy_pct,76.1
2026-06-23T10:45:00+00:00,ZONE-VIP,GATE-08,people_count,152.0
2026-06-23T10:45:00+00:00,ZONE-VIP,GATE-08,density_index,2.55
2026-06-23T10:45:00+00:00,ZONE-VIP,GATE-08,utilization_m2_pct,70.7
2026-06-23T10:45:00+00:00,ZONE-VIP,GATE-08,comfort_index,42.4
2026-06-23T11:00:00+00:00,ZONE-VIP,GATE-08,occupancy_pct,82.1
2026-06-23T11:00:00+00:00,ZONE-VIP,GATE-08,people_count,164.0
2026-06-23T11:00:00+00:00,ZONE-VIP,GATE-08,density_index,2.51
2026-06-23T11:00:00+00:00,ZONE-VIP,GATE-08,utilization_m2_pct,73.6
2026-06-23T11:00:00+00:00,ZONE-VIP,GATE-08,comfort_index,43.6
2026-06-23T11:15:00+00:00,ZONE-VIP,GATE-08,occupancy_pct,73.8
2026-06-23T11:15:00+00:00,ZONE-VIP,GATE-08,people_count,148.0
2026-06-23T11:15:00+00:00,ZONE-VIP,GATE-08,density_index,2.33
2026-06-23T11:15:00+00:00,ZONE-VIP,GATE-08,utilization_m2_pct,69.7
2026-06-23T11:15:00+00:00,ZONE-VIP,GATE-08,comfort_index,42.2
2026-06-23T11:30:00+00:00,ZONE-VIP,GATE-08,occupancy_pct,79.4
2026-06-23T11:30:00+00:00,ZONE-VIP,GATE-08,people_count,159.0
2026-06-23T11:30:00+00:00,ZONE-VIP,GATE-08,density_index,2.71
2026-06-23T11:30:00+00:00,ZONE-VIP,GATE-08,utilization_m2_pct,73.8
2026-06-23T11:30:00+00:00,ZONE-VIP,GATE-08,comfort_index,40.5
2026-06-23T11:45:00+00:00,ZONE-VIP,GATE-08,occupancy_pct,79.7
2026-06-23T11:45:00+00:00,ZONE-VIP,GATE-08,people_count,159.0
2026-06-23T11:45:00+00:00,ZONE-VIP,GATE-08,density_index,2.75
2026-06-23T11:45:00+00:00,ZONE-VIP,GATE-08,utilization_m2_pct,79.0
2026-06-23T11:45:00+00:00,ZONE-VIP,GATE-08,comfort_index,38.3
2026-06-23T12:00:00+00:00,ZONE-VIP,GATE-08,occupancy_pct,77.6
2026-06-23T12:00:00+00:00,ZONE-VIP,GATE-08,people_count,155.0
2026-06-23T12:00:00+00:00,ZONE-VIP,GATE-08,density_index,2.41
2026-06-23T12:00:00+00:00,ZONE-VIP,GATE-08,utilization_m2_pct,71.4
2026-06-23T12:00:00+00:00,ZONE-VIP,GATE-08,comfort_index,43.4
2026-06-23T12:15:00+00:00,ZONE-VIP,GATE-08,occupancy_pct,72.6
2026-06-23T12:15:00+00:00,ZONE-VIP,GATE-08,people_count,145.0
2026-06-23T12:15:00+00:00,ZONE-VIP,GATE-08,density_index,2.57
2026-06-23T12:15:00+00:00,ZONE-VIP,GATE-08,utilization_m2_pct,68.5
2026-06-23T12:15:00+00:00,ZONE-VIP,GATE-08,comfort_index,39.5
2026-06-23T12:30:00+00:00,ZONE-VIP,GATE-08,occupancy_pct,69.0
2026-06-23T12:30:00+00:00,ZONE-VIP,GATE-08,people_count,138.0
2026-06-23T12:30:00+00:00,ZONE-VIP,GATE-08,density_index,2.12
2026-06-23T12:30:00+00:00,ZONE-VIP,GATE-08,utilization_m2_pct,59.0
2026-06-23T12:30:00+00:00,ZONE-VIP,GATE-08,comfort_index,53.1
2026-06-23T12:45:00+00:00,ZONE-VIP,GATE-08,occupancy_pct,79.6
2026-06-23T12:45:00+00:00,ZONE-VIP,GATE-08,people_count,159.0
2026-06-23T12:45:00+00:00,ZONE-VIP,GATE-08,density_index,2.26
2026-06-23T12:45:00+00:00,ZONE-VIP,GATE-08,utilization_m2_pct,68.8
2026-06-23T12:45:00+00:00,ZONE-VIP,GATE-08,comfort_index,46.0
2026-06-23T13:00:00+00:00,ZONE-VIP,GATE-08,occupancy_pct,75.0
2026-06-23T13:00:00+00:00,ZONE-VIP,GATE-08,people_count,150.0
2026-06-23T13:00:00+00:00,ZONE-VIP,GATE-08,density_index,2.58
2026-06-23T13:00:00+00:00,ZONE-VIP,GATE-08,utilization_m2_pct,69.0
2026-06-23T13:00:00+00:00,ZONE-VIP,GATE-08,comfort_index,43.1
2026-06-23T13:15:00+00:00,ZONE-VIP,GATE-08,occupancy_pct,78.5
2026-06-23T13:15:00+00:00,ZONE-VIP,GATE-08,people_count,157.0
2026-06-23T13:15:00+00:00,ZONE-VIP,GATE-08,density_index,2.49
2026-06-23T13:15:00+00:00,ZONE-VIP,GATE-08,utilization_m2_pct,71.5
2026-06-23T13:15:00+00:00,ZONE-VIP,GATE-08,comfort_index,42.3
2026-06-23T13:30:00+00:00,ZONE-VIP,GATE-08,occupancy_pct,73.2
2026-06-23T13:30:00+00:00,ZONE-VIP,GATE-08,people_count,146.0
2026-06-23T13:30:00+00:00,ZONE-VIP,GATE-08,density_index,2.52
2026-06-23T13:30:00+00:00,ZONE-VIP,GATE-08,utilization_m2_pct,64.8
2026-06-23T13:30:00+00:00,ZONE-VIP,GATE-08,comfort_index,39.7
2026-06-23T13:45:00+00:00,ZONE-VIP,GATE-08,occupancy_pct,64.3
2026-06-23T13:45:00+00:00,ZONE-VIP,GATE-08,people_count,129.0
2026-06-23T13:45:00+00:00,ZONE-VIP,GATE-08,density_index,2.08
2026-06-23T13:45:00+00:00,ZONE-VIP,GATE-08,utilization_m2_pct,60.8
2026-06-23T13:45:00+00:00,ZONE-VIP,GATE-08,comfort_index,54.6
2026-06-23T14:00:00+00:00,ZONE-VIP,GATE-08,occupancy_pct,77.9
2026-06-23T14:00:00+00:00,ZONE-VIP,GATE-08,people_count,156.0
2026-06-23T14:00:00+00:00,ZONE-VIP,GATE-08,density_index,2.45
2026-06-23T14:00:00+00:00,ZONE-VIP,GATE-08,utilization_m2_pct,71.7
2026-06-23T14:00:00+00:00,ZONE-VIP,GATE-08,comfort_index,42.8
2026-06-23T14:15:00+00:00,ZONE-VIP,GATE-08,occupancy_pct,64.4
2026-06-23T14:15:00+00:00,ZONE-VIP,GATE-08,people_count,129.0
2026-06-23T14:15:00+00:00,ZONE-VIP,GATE-08,density_index,2.07
2026-06-23T14:15:00+00:00,ZONE-VIP,GATE-08,utilization_m2_pct,55.7
2026-06-23T14:15:00+00:00,ZONE-VIP,GATE-08,comfort_index,53.4
2026-06-23T14:30:00+00:00,ZONE-VIP,GATE-08,occupancy_pct,68.1
2026-06-23T14:30:00+00:00,ZONE-VIP,GATE-08,people_count,136.0
2026-06-23T14:30:00+00:00,ZONE-VIP,GATE-08,density_index,2.33
2026-06-23T14:30:00+00:00,ZONE-VIP,GATE-08,utilization_m2_pct,67.9
2026-06-23T14:30:00+00:00,ZONE-VIP,GATE-08,comfort_index,48.1
2026-06-23T14:45:00+00:00,ZONE-VIP,GATE-08,occupancy_pct,63.2
2026-06-23T14:45:00+00:00,ZONE-VIP,GATE-08,people_count,126.0
2026-06-23T14:45:00+00:00,ZONE-VIP,GATE-08,density_index,2.14
2026-06-23T14:45:00+00:00,ZONE-VIP,GATE-08,utilization_m2_pct,61.1
2026-06-23T14:45:00+00:00,ZONE-VIP,GATE-08,comfort_index,54.7
2026-06-23T15:00:00+00:00,ZONE-VIP,GATE-08,occupancy_pct,69.9
2026-06-23T15:00:00+00:00,ZONE-VIP,GATE-08,people_count,140.0
2026-06-23T15:00:00+00:00,ZONE-VIP,GATE-08,density_index,2.53
2026-06-23T15:00:00+00:00,ZONE-VIP,GATE-08,utilization_m2_pct,64.1
2026-06-23T15:00:00+00:00,ZONE-VIP,GATE-08,comfort_index,48.0
2026-06-23T15:15:00+00:00,ZONE-VIP,GATE-08,occupancy_pct,59.0
2026-06-23T15:15:00+00:00,ZONE-VIP,GATE-08,people_count,118.0
2026-06-23T15:15:00+00:00,ZONE-VIP,GATE-08,density_index,1.99
2026-06-23T15:15:00+00:00,ZONE-VIP,GATE-08,utilization_m2_pct,57.6
2026-06-23T15:15:00+00:00,ZONE-VIP,GATE-08,comfort_index,56.4
2026-06-23T15:30:00+00:00,ZONE-VIP,GATE-08,occupancy_pct,68.2
2026-06-23T15:30:00+00:00,ZONE-VIP,GATE-08,people_count,136.0
2026-06-23T15:30:00+00:00,ZONE-VIP,GATE-08,density_index,2.36
2026-06-23T15:30:00+00:00,ZONE-VIP,GATE-08,utilization_m2_pct,67.0
2026-06-23T15:30:00+00:00,ZONE-VIP,GATE-08,comfort_index,40.7
2026-06-23T15:45:00+00:00,ZONE-VIP,GATE-08,occupancy_pct,63.2
2026-06-23T15:45:00+00:00,ZONE-VIP,GATE-08,people_count,126.0
2026-06-23T15:45:00+00:00,ZONE-VIP,GATE-08,density_index,2.13
2026-06-23T15:45:00+00:00,ZONE-VIP,GATE-08,utilization_m2_pct,57.0
2026-06-23T15:45:00+00:00,ZONE-VIP,GATE-08,comfort_index,52.6
2026-06-23T16:00:00+00:00,ZONE-VIP,GATE-08,occupancy_pct,55.1
2026-06-23T16:00:00+00:00,ZONE-VIP,GATE-08,people_count,110.0
2026-06-23T16:00:00+00:00,ZONE-VIP,GATE-08,density_index,1.81
2026-06-23T16:00:00+00:00,ZONE-VIP,GATE-08,utilization_m2_pct,52.2
2026-06-23T16:00:00+00:00,ZONE-VIP,GATE-08,comfort_index,57.5
2026-06-23T16:15:00+00:00,ZONE-VIP,GATE-08,occupancy_pct,64.9
2026-06-23T16:15:00+00:00,ZONE-VIP,GATE-08,people_count,130.0
2026-06-23T16:15:00+00:00,ZONE-VIP,GATE-08,density_index,2.21
2026-06-23T16:15:00+00:00,ZONE-VIP,GATE-08,utilization_m2_pct,60.0
2026-06-23T16:15:00+00:00,ZONE-VIP,GATE-08,comfort_index,49.9
2026-06-23T16:30:00+00:00,ZONE-VIP,GATE-08,occupancy_pct,63.7
2026-06-23T16:30:00+00:00,ZONE-VIP,GATE-08,people_count,127.0
2026-06-23T16:30:00+00:00,ZONE-VIP,GATE-08,density_index,2.17
2026-06-23T16:30:00+00:00,ZONE-VIP,GATE-08,utilization_m2_pct,63.5
2026-06-23T16:30:00+00:00,ZONE-VIP,GATE-08,comfort_index,48.7
2026-06-23T16:45:00+00:00,ZONE-VIP,GATE-08,occupancy_pct,46.3
2026-06-23T16:45:00+00:00,ZONE-VIP,GATE-08,people_count,93.0
2026-06-23T16:45:00+00:00,ZONE-VIP,GATE-08,density_index,1.64
2026-06-23T16:45:00+00:00,ZONE-VIP,GATE-08,utilization_m2_pct,42.1
2026-06-23T16:45:00+00:00,ZONE-VIP,GATE-08,comfort_index,62.4
2026-06-23T17:00:00+00:00,ZONE-VIP,GATE-08,occupancy_pct,54.2
2026-06-23T17:00:00+00:00,ZONE-VIP,GATE-08,people_count,108.0
2026-06-23T17:00:00+00:00,ZONE-VIP,GATE-08,density_index,1.63
2026-06-23T17:00:00+00:00,ZONE-VIP,GATE-08,utilization_m2_pct,52.2
2026-06-23T17:00:00+00:00,ZONE-VIP,GATE-08,comfort_index,57.8
2026-06-23T17:15:00+00:00,ZONE-VIP,GATE-08,occupancy_pct,50.0
2026-06-23T17:15:00+00:00,ZONE-VIP,GATE-08,people_count,100.0
2026-06-23T17:15:00+00:00,ZONE-VIP,GATE-08,density_index,1.59
2026-06-23T17:15:00+00:00,ZONE-VIP,GATE-08,utilization_m2_pct,48.5
2026-06-23T17:15:00+00:00,ZONE-VIP,GATE-08,comfort_index,60.6
2026-06-23T17:30:00+00:00,ZONE-VIP,GATE-08,occupancy_pct,50.2
2026-06-23T17:30:00+00:00,ZONE-VIP,GATE-08,people_count,100.0
2026-06-23T17:30:00+00:00,ZONE-VIP,GATE-08,density_index,1.31
2026-06-23T17:30:00+00:00,ZONE-VIP,GATE-08,utilization_m2_pct,49.3
2026-06-23T17:30:00+00:00,ZONE-VIP,GATE-08,comfort_index,66.4
2026-06-23T17:45:00+00:00,ZONE-VIP,GATE-08,occupancy_pct,50.9
2026-06-23T17:45:00+00:00,ZONE-VIP,GATE-08,people_count,102.0
2026-06-23T17:45:00+00:00,ZONE-VIP,GATE-08,density_index,1.83
2026-06-23T17:45:00+00:00,ZONE-VIP,GATE-08,utilization_m2_pct,50.1
2026-06-23T17:45:00+00:00,ZONE-VIP,GATE-08,comfort_index,61.0
2026-06-23T18:00:00+00:00,ZONE-VIP,GATE-08,occupancy_pct,38.6
2026-06-23T18:00:00+00:00,ZONE-VIP,GATE-08,people_count,77.0
2026-06-23T18:00:00+00:00,ZONE-VIP,GATE-08,density_index,1.17
2026-06-23T18:00:00+00:00,ZONE-VIP,GATE-08,utilization_m2_pct,33.0
2026-06-23T18:00:00+00:00,ZONE-VIP,GATE-08,comfort_index,69.8
2026-06-23T18:15:00+00:00,ZONE-VIP,GATE-08,occupancy_pct,47.5
2026-06-23T18:15:00+00:00,ZONE-VIP,GATE-08,people_count,95.0
2026-06-23T18:15:00+00:00,ZONE-VIP,GATE-08,density_index,1.98
2026-06-23T18:15:00+00:00,ZONE-VIP,GATE-08,utilization_m2_pct,44.0
2026-06-23T18:15:00+00:00,ZONE-VIP,GATE-08,comfort_index,62.8
2026-06-23T18:30:00+00:00,ZONE-VIP,GATE-08,occupancy_pct,42.2
2026-06-23T18:30:00+00:00,ZONE-VIP,GATE-08,people_count,84.0
2026-06-23T18:30:00+00:00,ZONE-VIP,GATE-08,density_index,1.22
2026-06-23T18:30:00+00:00,ZONE-VIP,GATE-08,utilization_m2_pct,38.3
2026-06-23T18:30:00+00:00,ZONE-VIP,GATE-08,comfort_index,69.5
2026-06-23T18:45:00+00:00,ZONE-VIP,GATE-08,occupancy_pct,43.5
2026-06-23T18:45:00+00:00,ZONE-VIP,GATE-08,people_count,87.0
2026-06-23T18:45:00+00:00,ZONE-VIP,GATE-08,density_index,1.19
2026-06-23T18:45:00+00:00,ZONE-VIP,GATE-08,utilization_m2_pct,38.0
2026-06-23T18:45:00+00:00,ZONE-VIP,GATE-08,comfort_index,69.0
2026-06-23T19:00:00+00:00,ZONE-VIP,GATE-08,occupancy_pct,45.8
2026-06-23T19:00:00+00:00,ZONE-VIP,GATE-08,people_count,92.0
2026-06-23T19:00:00+00:00,ZONE-VIP,GATE-08,density_index,1.35
2026-06-23T19:00:00+00:00,ZONE-VIP,GATE-08,utilization_m2_pct,43.5
2026-06-23T19:00:00+00:00,ZONE-VIP,GATE-08,comfort_index,60.5
2026-06-23T19:15:00+00:00,ZONE-VIP,GATE-08,occupancy_pct,35.7
2026-06-23T19:15:00+00:00,ZONE-VIP,GATE-08,people_count,71.0
2026-06-23T19:15:00+00:00,ZONE-VIP,GATE-08,density_index,1.4
2026-06-23T19:15:00+00:00,ZONE-VIP,GATE-08,utilization_m2_pct,33.5
2026-06-23T19:15:00+00:00,ZONE-VIP,GATE-08,comfort_index,69.9
2026-06-23T19:30:00+00:00,ZONE-VIP,GATE-08,occupancy_pct,40.2
2026-06-23T19:30:00+00:00,ZONE-VIP,GATE-08,people_count,80.0
2026-06-23T19:30:00+00:00,ZONE-VIP,GATE-08,density_index,1.04
2026-06-23T19:30:00+00:00,ZONE-VIP,GATE-08,utilization_m2_pct,38.0
2026-06-23T19:30:00+00:00,ZONE-VIP,GATE-08,comfort_index,71.4
2026-06-23T19:45:00+00:00,ZONE-VIP,GATE-08,occupancy_pct,31.0
2026-06-23T19:45:00+00:00,ZONE-VIP,GATE-08,people_count,62.0
2026-06-23T19:45:00+00:00,ZONE-VIP,GATE-08,density_index,0.8
2026-06-23T19:45:00+00:00,ZONE-VIP,GATE-08,utilization_m2_pct,29.2
2026-06-23T19:45:00+00:00,ZONE-VIP,GATE-08,comfort_index,76.2
2026-06-23T20:00:00+00:00,ZONE-VIP,GATE-08,occupancy_pct,40.5
2026-06-23T20:00:00+00:00,ZONE-VIP,GATE-08,people_count,81.0
2026-06-23T20:00:00+00:00,ZONE-VIP,GATE-08,density_index,1.51
2026-06-23T20:00:00+00:00,ZONE-VIP,GATE-08,utilization_m2_pct,39.1
2026-06-23T20:00:00+00:00,ZONE-VIP,GATE-08,comfort_index,66.9
2026-06-23T20:15:00+00:00,ZONE-VIP,GATE-08,occupancy_pct,29.8
2026-06-23T20:15:00+00:00,ZONE-VIP,GATE-08,people_count,60.0
2026-06-23T20:15:00+00:00,ZONE-VIP,GATE-08,density_index,0.85
2026-06-23T20:15:00+00:00,ZONE-VIP,GATE-08,utilization_m2_pct,28.2
2026-06-23T20:15:00+00:00,ZONE-VIP,GATE-08,comfort_index,69.7
2026-06-23T20:30:00+00:00,ZONE-VIP,GATE-08,occupancy_pct,28.4
2026-06-23T20:30:00+00:00,ZONE-VIP,GATE-08,people_count,57.0
2026-06-23T20:30:00+00:00,ZONE-VIP,GATE-08,density_index,0.93
2026-06-23T20:30:00+00:00,ZONE-VIP,GATE-08,utilization_m2_pct,26.8
2026-06-23T20:30:00+00:00,ZONE-VIP,GATE-08,comfort_index,84.6
2026-06-23T20:45:00+00:00,ZONE-VIP,GATE-08,occupancy_pct,32.1
2026-06-23T20:45:00+00:00,ZONE-VIP,GATE-08,people_count,64.0
2026-06-23T20:45:00+00:00,ZONE-VIP,GATE-08,density_index,1.02
2026-06-23T20:45:00+00:00,ZONE-VIP,GATE-08,utilization_m2_pct,29.4
2026-06-23T20:45:00+00:00,ZONE-VIP,GATE-08,comfort_index,78.3
2026-06-23T21:00:00+00:00,ZONE-VIP,GATE-08,occupancy_pct,26.4
2026-06-23T21:00:00+00:00,ZONE-VIP,GATE-08,people_count,53.0
2026-06-23T21:00:00+00:00,ZONE-VIP,GATE-08,density_index,1.01
2026-06-23T21:00:00+00:00,ZONE-VIP,GATE-08,utilization_m2_pct,22.9
2026-06-23T21:00:00+00:00,ZONE-VIP,GATE-08,comfort_index,79.5
2026-06-23T21:15:00+00:00,ZONE-VIP,GATE-08,occupancy_pct,35.2
2026-06-23T21:15:00+00:00,ZONE-VIP,GATE-08,people_count,70.0
2026-06-23T21:15:00+00:00,ZONE-VIP,GATE-08,density_index,0.83
2026-06-23T21:15:00+00:00,ZONE-VIP,GATE-08,utilization_m2_pct,33.9
2026-06-23T21:15:00+00:00,ZONE-VIP,GATE-08,comfort_index,70.1
2026-06-23T21:30:00+00:00,ZONE-VIP,GATE-08,occupancy_pct,27.2
2026-06-23T21:30:00+00:00,ZONE-VIP,GATE-08,people_count,54.0
2026-06-23T21:30:00+00:00,ZONE-VIP,GATE-08,density_index,0.76
2026-06-23T21:30:00+00:00,ZONE-VIP,GATE-08,utilization_m2_pct,26.5
2026-06-23T21:30:00+00:00,ZONE-VIP,GATE-08,comfort_index,79.7
2026-06-23T21:45:00+00:00,ZONE-VIP,GATE-08,occupancy_pct,41.6
2026-06-23T21:45:00+00:00,ZONE-VIP,GATE-08,people_count,83.0
2026-06-23T21:45:00+00:00,ZONE-VIP,GATE-08,density_index,1.27
2026-06-23T21:45:00+00:00,ZONE-VIP,GATE-08,utilization_m2_pct,40.7
2026-06-23T21:45:00+00:00,ZONE-VIP,GATE-08,comfort_index,69.2
2026-06-23T22:00:00+00:00,ZONE-VIP,GATE-08,occupancy_pct,32.7
2026-06-23T22:00:00+00:00,ZONE-VIP,GATE-08,people_count,65.0
2026-06-23T22:00:00+00:00,ZONE-VIP,GATE-08,density_index,0.89
2026-06-23T22:00:00+00:00,ZONE-VIP,GATE-08,utilization_m2_pct,31.3
2026-06-23T22:00:00+00:00,ZONE-VIP,GATE-08,comfort_index,76.1
2026-06-23T22:15:00+00:00,ZONE-VIP,GATE-08,occupancy_pct,27.9
2026-06-23T22:15:00+00:00,ZONE-VIP,GATE-08,people_count,56.0
2026-06-23T22:15:00+00:00,ZONE-VIP,GATE-08,density_index,1.35
2026-06-23T22:15:00+00:00,ZONE-VIP,GATE-08,utilization_m2_pct,24.1
2026-06-23T22:15:00+00:00,ZONE-VIP,GATE-08,comfort_index,77.6
2026-06-23T22:30:00+00:00,ZONE-VIP,GATE-08,occupancy_pct,33.7
2026-06-23T22:30:00+00:00,ZONE-VIP,GATE-08,people_count,67.0
2026-06-23T22:30:00+00:00,ZONE-VIP,GATE-08,density_index,1.22
2026-06-23T22:30:00+00:00,ZONE-VIP,GATE-08,utilization_m2_pct,30.0
2026-06-23T22:30:00+00:00,ZONE-VIP,GATE-08,comfort_index,75.6
2026-06-23T22:45:00+00:00,ZONE-VIP,GATE-08,occupancy_pct,29.4
2026-06-23T22:45:00+00:00,ZONE-VIP,GATE-08,people_count,59.0
2026-06-23T22:45:00+00:00,ZONE-VIP,GATE-08,density_index,0.78
2026-06-23T22:45:00+00:00,ZONE-VIP,GATE-08,utilization_m2_pct,27.1
2026-06-23T22:45:00+00:00,ZONE-VIP,GATE-08,comfort_index,79.9
2026-06-23T23:00:00+00:00,ZONE-VIP,GATE-08,occupancy_pct,26.0
2026-06-23T23:00:00+00:00,ZONE-VIP,GATE-08,people_count,52.0
2026-06-23T23:00:00+00:00,ZONE-VIP,GATE-08,density_index,0.75
2026-06-23T23:00:00+00:00,ZONE-VIP,GATE-08,utilization_m2_pct,22.2
2026-06-23T23:00:00+00:00,ZONE-VIP,GATE-08,comfort_index,82.7
2026-06-23T23:15:00+00:00,ZONE-VIP,GATE-08,occupancy_pct,34.3
2026-06-23T23:15:00+00:00,ZONE-VIP,GATE-08,people_count,69.0
2026-06-23T23:15:00+00:00,ZONE-VIP,GATE-08,density_index,1.07
2026-06-23T23:15:00+00:00,ZONE-VIP,GATE-08,utilization_m2_pct,31.1
2026-06-23T23:15:00+00:00,ZONE-VIP,GATE-08,comfort_index,75.5
2026-06-23T23:30:00+00:00,ZONE-VIP,GATE-08,occupancy_pct,29.7
2026-06-23T23:30:00+00:00,ZONE-VIP,GATE-08,people_count,59.0
2026-06-23T23:30:00+00:00,ZONE-VIP,GATE-08,density_index,0.99
2026-06-23T23:30:00+00:00,ZONE-VIP,GATE-08,utilization_m2_pct,29.0
2026-06-23T23:30:00+00:00,ZONE-VIP,GATE-08,comfort_index,75.9
2026-06-23T23:45:00+00:00,ZONE-VIP,GATE-08,occupancy_pct,32.2
2026-06-23T23:45:00+00:00,ZONE-VIP,GATE-08,people_count,64.0
2026-06-23T23:45:00+00:00,ZONE-VIP,GATE-08,density_index,0.93
2026-06-23T23:45:00+00:00,ZONE-VIP,GATE-08,utilization_m2_pct,29.2
2026-06-23T23:45:00+00:00,ZONE-VIP,GATE-08,comfort_index,73.2
